schemaVersion,source.name,source.url,collectedAt,recordType,content.startupName,content.pricingModel
1.0,Y Combinator,https://www.ycombinator.com/companies/doordash,2026-08-26T14:11:08.379727Z,PRODUCT,Doordash,
1.0,Y Combinator,https://www.ycombinator.com/companies/airbnb,2026-08-26T14:11:08.380615Z,PRODUCT,Airbnb,
1.0,Y Combinator,https://www.ycombinator.com/companies/coinbase,2026-08-26T14:11:08.381521Z,PRODUCT,Coinbase,
1.0,Y Combinator,https://www.ycombinator.com/companies/groww,2026-08-26T14:11:08.382457Z,PRODUCT,Groww,
1.0,Y Combinator,https://www.ycombinator.com/companies/instacart,2026-08-26T14:11:08.384437Z,PRODUCT,Instacart,
1.0,Y Combinator,https://www.ycombinator.com/companies/meesho,2026-08-26T14:11:08.385426Z,PRODUCT,Meesho,
1.0,Y Combinator,https://www.ycombinator.com/companies/oklo,2026-08-26T14:11:08.386468Z,PRODUCT,Oklo,
1.0,Y Combinator,https://www.ycombinator.com/companies/gitlab,2026-08-26T14:11:08.387307Z,PRODUCT,Gitlab,
1.0,Y Combinator,https://www.ycombinator.com/companies/rigetti-computing,2026-08-26T14:11:08.388060Z,PRODUCT,Rigetti Computing,
1.0,Y Combinator,https://www.ycombinator.com/companies/dropbox,2026-08-26T14:11:08.388787Z,PRODUCT,Dropbox,
1.0,Y Combinator,https://www.ycombinator.com/companies/billiontoone,2026-08-26T14:11:08.389521Z,PRODUCT,Billiontoone,
1.0,Y Combinator,https://www.ycombinator.com/companies/equipmentshare,2026-08-26T14:11:08.390634Z,PRODUCT,Equipmentshare,
1.0,Y Combinator,https://www.ycombinator.com/companies/matterport,2026-08-26T14:11:08.391612Z,PRODUCT,Matterport,
1.0,Y Combinator,https://www.ycombinator.com/companies/amplitude,2026-08-26T14:11:08.392575Z,PRODUCT,Amplitude,
1.0,Y Combinator,https://www.ycombinator.com/companies/pagerduty,2026-08-26T14:11:08.393260Z,PRODUCT,Pagerduty,
1.0,Y Combinator,https://www.ycombinator.com/companies/weave,2026-08-26T14:11:08.393938Z,PRODUCT,Weave,
1.0,Y Combinator,https://www.ycombinator.com/companies/ginkgo-bioworks,2026-08-26T14:11:08.394646Z,PRODUCT,Ginkgo Bioworks,
1.0,Y Combinator,https://www.ycombinator.com/companies/pardes-bio,2026-08-26T14:11:08.395420Z,PRODUCT,Pardes Biosciences,
1.0,Y Combinator,https://www.ycombinator.com/companies/momentus,2026-08-26T14:11:08.396426Z,PRODUCT,Momentus,
1.0,Y Combinator,https://www.ycombinator.com/companies/embark-trucks,2026-08-26T14:11:08.397154Z,PRODUCT,Embark Trucks,
1.0,Y Combinator,https://www.ycombinator.com/companies/lucira-health,2026-08-26T14:11:08.397970Z,PRODUCT,Lucira Health,
1.0,Y Combinator,https://www.ycombinator.com/companies/segment,2026-08-26T14:11:08.398672Z,PRODUCT,Segment,
1.0,Y Combinator,https://www.ycombinator.com/companies/algolia,2026-08-26T14:11:08.399560Z,PRODUCT,Algolia,
1.0,Y Combinator,https://www.ycombinator.com/companies/truebill,2026-08-26T14:11:08.400271Z,PRODUCT,Truebill,
1.0,Y Combinator,https://www.ycombinator.com/companies/twitch,2026-08-26T14:11:08.400975Z,PRODUCT,Twitch,
1.0,Y Combinator,https://www.ycombinator.com/companies/plangrid,2026-08-26T14:11:08.401999Z,PRODUCT,Plangrid,
1.0,Y Combinator,https://www.ycombinator.com/companies/bellabeat,2026-08-26T14:11:08.403272Z,PRODUCT,Bellabeat,
1.0,Y Combinator,https://www.ycombinator.com/companies/cruise,2026-08-26T14:11:08.403984Z,PRODUCT,Cruise,
1.0,Y Combinator,https://www.ycombinator.com/companies/benchling,2026-08-26T14:11:08.404768Z,PRODUCT,Benchling,
1.0,Y Combinator,https://www.ycombinator.com/companies/casetext,2026-08-26T14:11:08.405448Z,PRODUCT,Casetext,
1.0,Y Combinator,https://www.ycombinator.com/companies/bird,2026-08-26T14:11:08.406145Z,PRODUCT,Bird,
1.0,Y Combinator,https://www.ycombinator.com/companies/brex,2026-08-26T14:11:08.406826Z,PRODUCT,Brex,
1.0,Y Combinator,https://www.ycombinator.com/companies/the-athletic,2026-08-26T14:11:08.407906Z,PRODUCT,The Athletic,
1.0,Y Combinator,https://www.ycombinator.com/companies/codecademy,2026-08-26T14:11:08.409681Z,PRODUCT,Codecademy,
1.0,Y Combinator,https://www.ycombinator.com/companies/checkr,2026-08-26T14:11:08.410424Z,PRODUCT,Checkr,
1.0,Y Combinator,https://www.ycombinator.com/companies/lever,2026-08-26T14:11:08.411053Z,PRODUCT,Lever,
1.0,Y Combinator,https://www.ycombinator.com/companies/clipboard,2026-08-26T14:11:08.411778Z,PRODUCT,Clipboard,
1.0,Y Combinator,https://www.ycombinator.com/companies/heap,2026-08-26T14:11:08.412485Z,PRODUCT,Heap,
1.0,Y Combinator,https://www.ycombinator.com/companies/sendwave,2026-08-26T14:11:08.413141Z,PRODUCT,Sendwave,
1.0,Y Combinator,https://www.ycombinator.com/companies/deel,2026-08-26T14:11:08.413818Z,PRODUCT,Deel,
1.0,Y Combinator,https://www.ycombinator.com/companies/clever,2026-08-26T14:11:08.414624Z,PRODUCT,Lever,
1.0,Y Combinator,https://www.ycombinator.com/companies/caper,2026-08-26T14:11:08.415792Z,PRODUCT,Caper,
1.0,Y Combinator,https://www.ycombinator.com/companies/reddit,2026-08-26T14:11:08.416809Z,PRODUCT,Reddit,
1.0,Y Combinator,https://www.ycombinator.com/companies/fivestars,2026-08-26T14:11:08.417485Z,PRODUCT,Fivestars,
1.0,Y Combinator,https://www.ycombinator.com/companies/machine-zone,2026-08-26T14:11:08.418206Z,PRODUCT,Machine Zone,
1.0,Y Combinator,https://www.ycombinator.com/companies/faire,2026-08-26T14:11:08.418890Z,PRODUCT,Faire,
1.0,Y Combinator,https://www.ycombinator.com/companies/fivetran,2026-08-26T14:11:08.420020Z,PRODUCT,Fivetran,
1.0,Y Combinator,https://www.ycombinator.com/companies/optimizely,2026-08-26T14:11:08.420897Z,PRODUCT,Optimizely,
1.0,Y Combinator,https://www.ycombinator.com/companies/flexport,2026-08-26T14:11:08.421668Z,PRODUCT,Flexport,
1.0,Y Combinator,https://www.ycombinator.com/companies/wepay,2026-08-26T14:11:08.422441Z,PRODUCT,Wepay,
1.0,Y Combinator,https://www.ycombinator.com/companies/weebly,2026-08-26T14:11:08.423244Z,PRODUCT,Weebly,
1.0,Y Combinator,https://www.ycombinator.com/companies/flock-safety,2026-08-26T14:11:08.423977Z,PRODUCT,Flock Safety,
1.0,Y Combinator,https://www.ycombinator.com/companies/sqreen,2026-08-26T14:11:08.424635Z,PRODUCT,Sqreen,
1.0,Y Combinator,https://www.ycombinator.com/companies/nurx,2026-08-26T14:11:08.425495Z,PRODUCT,Nurx,
1.0,Y Combinator,https://www.ycombinator.com/companies/go1,2026-08-26T14:11:08.426325Z,PRODUCT,Go1,
1.0,Y Combinator,https://www.ycombinator.com/companies/coreos,2026-08-26T14:11:08.426988Z,PRODUCT,Coreos,
1.0,Y Combinator,https://www.ycombinator.com/companies/bear-flag-robotics,2026-08-26T14:11:08.427798Z,PRODUCT,Bear Flag Robotics,
1.0,Y Combinator,https://www.ycombinator.com/companies/goat-group,2026-08-26T14:11:08.428513Z,PRODUCT,Goat Group,
1.0,Y Combinator,https://www.ycombinator.com/companies/heroku,2026-08-26T14:11:08.429330Z,PRODUCT,Heroku,
1.0,Y Combinator,https://www.ycombinator.com/companies/grubmarket,2026-08-26T14:11:08.430173Z,PRODUCT,Grubmarket,
1.0,Y Combinator,https://www.ycombinator.com/companies/hellosign,2026-08-26T14:11:08.430867Z,PRODUCT,Hellosign,
1.0,Y Combinator,https://www.ycombinator.com/companies/zenefits,2026-08-26T14:11:08.431543Z,PRODUCT,Zenefits,
1.0,Y Combinator,https://www.ycombinator.com/companies/gusto,2026-08-26T14:11:08.432248Z,PRODUCT,Gusto,
1.0,Y Combinator,https://www.ycombinator.com/companies/honeylove,2026-08-26T14:11:08.433383Z,PRODUCT,Honeylove,
1.0,Y Combinator,https://www.ycombinator.com/companies/modern-fertility,2026-08-26T14:11:08.434208Z,PRODUCT,Modern Fertility,
1.0,Y Combinator,https://www.ycombinator.com/companies/cognito,2026-08-26T14:11:08.435020Z,PRODUCT,Cognito,
1.0,Y Combinator,https://www.ycombinator.com/companies/openinvest,2026-08-26T14:11:08.435816Z,PRODUCT,Openinvest,
1.0,Y Combinator,https://www.ycombinator.com/companies/mixpanel,2026-08-26T14:11:08.436517Z,PRODUCT,Mixpanel,
1.0,Y Combinator,https://www.ycombinator.com/companies/paystack,2026-08-26T14:11:08.437719Z,PRODUCT,Paystack,
1.0,Y Combinator,https://www.ycombinator.com/companies/moxion-power-co,2026-08-26T14:11:08.438439Z,PRODUCT,Moxion Power,
1.0,Y Combinator,https://www.ycombinator.com/companies/drchrono,2026-08-26T14:11:08.439530Z,PRODUCT,Drchrono,
1.0,Y Combinator,https://www.ycombinator.com/companies/omgpop,2026-08-26T14:11:08.440459Z,PRODUCT,Omgpop,
1.0,Y Combinator,https://www.ycombinator.com/companies/newfront-insurance,2026-08-26T14:11:08.441158Z,PRODUCT,Newfront,
1.0,Y Combinator,https://www.ycombinator.com/companies/north,2026-08-26T14:11:08.441922Z,PRODUCT,North,
1.0,Y Combinator,https://www.ycombinator.com/companies/nowports,2026-08-26T14:11:08.442612Z,PRODUCT,Nowports,
1.0,Y Combinator,https://www.ycombinator.com/companies/odeko,2026-08-26T14:11:08.443436Z,PRODUCT,Odeko,
1.0,Y Combinator,https://www.ycombinator.com/companies/gitprime,2026-08-26T14:11:08.444126Z,PRODUCT,Gitprime,
1.0,Y Combinator,https://www.ycombinator.com/companies/proxy,2026-08-26T14:11:08.445000Z,PRODUCT,Proxy,
1.0,Y Combinator,https://www.ycombinator.com/companies/futureadvisor,2026-08-26T14:11:08.445637Z,PRODUCT,Futureadvisor,
1.0,Y Combinator,https://www.ycombinator.com/companies/podium,2026-08-26T14:11:08.446430Z,PRODUCT,Podium,
1.0,Y Combinator,https://www.ycombinator.com/companies/rappi,2026-08-26T14:11:08.447142Z,PRODUCT,Rappi,
1.0,Y Combinator,https://www.ycombinator.com/companies/razorpay,2026-08-26T14:11:08.448082Z,PRODUCT,Razorpay,
1.0,Y Combinator,https://www.ycombinator.com/companies/rippling,2026-08-26T14:11:08.448773Z,PRODUCT,Rippling,
1.0,Y Combinator,https://www.ycombinator.com/companies/scale-ai,2026-08-26T14:11:08.449393Z,PRODUCT,Scale AI,
1.0,Y Combinator,https://www.ycombinator.com/companies/scentbird,2026-08-26T14:11:08.450247Z,PRODUCT,Scentbird,
1.0,Y Combinator,https://www.ycombinator.com/companies/scribd,2026-08-26T14:11:08.451062Z,PRODUCT,Scribd,
1.0,Y Combinator,https://www.ycombinator.com/companies/shipbob,2026-08-26T14:11:08.452200Z,PRODUCT,Shipbob,
1.0,Y Combinator,https://www.ycombinator.com/companies/smartasset,2026-08-26T14:11:08.453001Z,PRODUCT,Smartasset,
1.0,Y Combinator,https://www.ycombinator.com/companies/stripe,2026-08-26T14:11:08.453695Z,PRODUCT,Stripe,
1.0,Y Combinator,https://www.ycombinator.com/companies/wave,2026-08-26T14:11:08.454384Z,PRODUCT,Wave,
1.0,Y Combinator,https://www.ycombinator.com/companies/webflow,2026-08-26T14:11:08.455082Z,PRODUCT,Webflow,
1.0,Y Combinator,https://www.ycombinator.com/companies/whatnot,2026-08-26T14:11:08.455881Z,PRODUCT,Whatnot,
1.0,Y Combinator,https://www.ycombinator.com/companies/zapier,2026-08-26T14:11:08.456629Z,PRODUCT,Zapier,
1.0,Y Combinator,https://www.ycombinator.com/companies/zepto,2026-08-26T14:11:08.457630Z,PRODUCT,Zepto,
1.0,Y Combinator,https://www.ycombinator.com/companies/focal-systems,2026-08-26T14:11:08.458534Z,PRODUCT,Focal,
1.0,Y Combinator,https://www.ycombinator.com/companies/mio,2026-08-26T14:11:08.459322Z,PRODUCT,Mio,
1.0,Y Combinator,https://www.ycombinator.com/companies/daily,2026-08-26T14:11:08.460007Z,PRODUCT,Daily,
1.0,Y Combinator,https://www.ycombinator.com/companies/petcube,2026-08-26T14:11:08.460722Z,PRODUCT,Petcube,
1.0,Y Combinator,https://www.ycombinator.com/companies/outschool,2026-08-26T14:11:08.461484Z,PRODUCT,Outschool,
1.0,Y Combinator,https://www.ycombinator.com/companies/mason,2026-08-26T14:11:08.462298Z,PRODUCT,Mason,
1.0,Y Combinator,https://www.ycombinator.com/companies/magicbus,2026-08-26T14:11:08.463111Z,PRODUCT,Magicbus,
1.0,Y Combinator,https://www.ycombinator.com/companies/tovala,2026-08-26T14:11:08.464026Z,PRODUCT,Tovala,
1.0,Y Combinator,https://www.ycombinator.com/companies/isono-health,2026-08-26T14:11:08.464733Z,PRODUCT,Isono Health,
1.0,Y Combinator,https://www.ycombinator.com/companies/getaccept,2026-08-26T14:11:08.465428Z,PRODUCT,Getaccept,
1.0,Y Combinator,https://www.ycombinator.com/companies/chatfuel,2026-08-26T14:11:08.466186Z,PRODUCT,Chatfuel,
1.0,Y Combinator,https://www.ycombinator.com/companies/yardbook,2026-08-26T14:11:08.466890Z,PRODUCT,Yardbook,
1.0,Y Combinator,https://www.ycombinator.com/companies/gocardless,2026-08-26T14:11:08.467634Z,PRODUCT,Gocardless,
1.0,Y Combinator,https://www.ycombinator.com/companies/stealth-worker,2026-08-26T14:11:08.468409Z,PRODUCT,Stealth Worker,
1.0,Y Combinator,https://www.ycombinator.com/companies/deepgram,2026-08-26T14:11:08.469097Z,PRODUCT,Deepgram,
1.0,Y Combinator,https://www.ycombinator.com/companies/soundboks,2026-08-26T14:11:08.469912Z,PRODUCT,Soundboks,
1.0,Y Combinator,https://www.ycombinator.com/companies/lattice,2026-08-26T14:11:08.470864Z,PRODUCT,Lattice,
1.0,Y Combinator,https://www.ycombinator.com/companies/mux,2026-08-26T14:11:08.471800Z,PRODUCT,Mux,
1.0,Y Combinator,https://www.ycombinator.com/companies/human-interest,2026-08-26T14:11:08.472728Z,PRODUCT,Human Interest,
1.0,Y Combinator,https://www.ycombinator.com/companies/flirtey,2026-08-26T14:11:08.473568Z,PRODUCT,Flirtey Skydrop,
1.0,Y Combinator,https://www.ycombinator.com/companies/eight-sleep,2026-08-26T14:11:08.474694Z,PRODUCT,Eight Sleep,
1.0,Y Combinator,https://www.ycombinator.com/companies/instawork,2026-08-26T14:11:08.475619Z,PRODUCT,Instawork,
1.0,Y Combinator,https://www.ycombinator.com/companies/cofactor-genomics,2026-08-26T14:11:08.476552Z,PRODUCT,Cofactor Genomics,
1.0,Y Combinator,https://www.ycombinator.com/companies/bitmovin,2026-08-26T14:11:08.477398Z,PRODUCT,Bitmovin,
1.0,Y Combinator,https://www.ycombinator.com/companies/tetrascience,2026-08-26T14:11:08.478477Z,PRODUCT,Tetrascience,
1.0,Y Combinator,https://www.ycombinator.com/companies/the-ticket-fairy,2026-08-26T14:11:08.479539Z,PRODUCT,The Ticket Fairy,
1.0,Y Combinator,https://www.ycombinator.com/companies/font-awesome,2026-08-26T14:11:08.481263Z,PRODUCT,Font Awesome,
1.0,Y Combinator,https://www.ycombinator.com/companies/80-000-hours,2026-08-26T14:11:08.482214Z,PRODUCT,80 000 Hours,
1.0,Y Combinator,https://www.ycombinator.com/companies/xendit,2026-08-26T14:11:08.483298Z,PRODUCT,Xendit,
1.0,Y Combinator,https://www.ycombinator.com/companies/shred-video,2026-08-26T14:11:08.484267Z,PRODUCT,Shred Video,
1.0,Y Combinator,https://www.ycombinator.com/companies/shape-shapescale,2026-08-26T14:11:08.485125Z,PRODUCT,Shape Shapescale,
1.0,Y Combinator,https://www.ycombinator.com/companies/redcarpetup,2026-08-26T14:11:08.486145Z,PRODUCT,Redcarpetup,
1.0,Y Combinator,https://www.ycombinator.com/companies/plate-iq,2026-08-26T14:11:08.486945Z,PRODUCT,Plate Iq,
1.0,Y Combinator,https://www.ycombinator.com/companies/picktrace,2026-08-26T14:11:08.488248Z,PRODUCT,Picktrace,
1.0,Y Combinator,https://www.ycombinator.com/companies/fountain,2026-08-26T14:11:08.489110Z,PRODUCT,Fountain,
1.0,Y Combinator,https://www.ycombinator.com/companies/microhealth,2026-08-26T14:11:08.490082Z,PRODUCT,Microhealth,
1.0,Y Combinator,https://www.ycombinator.com/companies/zeplin,2026-08-26T14:11:08.491037Z,PRODUCT,Zeplin,
1.0,Y Combinator,https://www.ycombinator.com/companies/markhor,2026-08-26T14:11:08.491865Z,PRODUCT,Markhor,
1.0,Y Combinator,https://www.ycombinator.com/companies/circle-medical,2026-08-26T14:11:08.492743Z,PRODUCT,Circle Medical,
1.0,Y Combinator,https://www.ycombinator.com/companies/givecampus,2026-08-26T14:11:08.493551Z,PRODUCT,Givecampus,
1.0,Y Combinator,https://www.ycombinator.com/companies/drip-capital,2026-08-26T14:11:08.494391Z,PRODUCT,Drip Capital,
1.0,Y Combinator,https://www.ycombinator.com/companies/chaldal,2026-08-26T14:11:08.495423Z,PRODUCT,Chaldal,
1.0,Y Combinator,https://www.ycombinator.com/companies/clerky,2026-08-26T14:11:08.496239Z,PRODUCT,Clerky,
1.0,Y Combinator,https://www.ycombinator.com/companies/bodyport,2026-08-26T14:11:08.497048Z,PRODUCT,Bodyport,
1.0,Y Combinator,https://www.ycombinator.com/companies/verge-genomics,2026-08-26T14:11:08.497837Z,PRODUCT,Verge Genomics,
1.0,Y Combinator,https://www.ycombinator.com/companies/thrive-agritech,2026-08-26T14:11:08.498587Z,PRODUCT,Thrive Agritech,
1.0,Y Combinator,https://www.ycombinator.com/companies/tesorio,2026-08-26T14:11:08.499325Z,PRODUCT,Tesorio,
1.0,Y Combinator,https://www.ycombinator.com/companies/agilemd,2026-08-26T14:11:08.500066Z,PRODUCT,Agilemd,
1.0,Y Combinator,https://www.ycombinator.com/companies/reach,2026-08-26T14:11:08.500755Z,PRODUCT,Reach,
1.0,Y Combinator,https://www.ycombinator.com/companies/sunfarmer,2026-08-26T14:11:08.501508Z,PRODUCT,Sunfarmer,
1.0,Y Combinator,https://www.ycombinator.com/companies/confident-lims,2026-08-26T14:11:08.502439Z,PRODUCT,Confident Lims,
1.0,Y Combinator,https://www.ycombinator.com/companies/branch8,2026-08-26T14:11:08.503253Z,PRODUCT,Branch8,
1.0,Y Combinator,https://www.ycombinator.com/companies/heroic-labs,2026-08-26T14:11:08.504347Z,PRODUCT,Heroic,
1.0,Y Combinator,https://www.ycombinator.com/companies/snapmagic,2026-08-26T14:11:08.505135Z,PRODUCT,Snapmagic,
1.0,Y Combinator,https://www.ycombinator.com/companies/assembly,2026-08-26T14:11:08.505796Z,PRODUCT,AssemblyAI,
1.0,Y Combinator,https://www.ycombinator.com/companies/gemnote,2026-08-26T14:11:08.506839Z,PRODUCT,Gemnote,
1.0,Y Combinator,https://www.ycombinator.com/companies/new-story,2026-08-26T14:11:08.507660Z,PRODUCT,New Story,
1.0,Y Combinator,https://www.ycombinator.com/companies/ironclad,2026-08-26T14:11:08.508534Z,PRODUCT,Ironclad,
1.0,Y Combinator,https://www.ycombinator.com/companies/leaders-in-tech,2026-08-26T14:11:08.509343Z,PRODUCT,Leaders In Tech,
1.0,Y Combinator,https://www.ycombinator.com/companies/teabot,2026-08-26T14:11:08.510161Z,PRODUCT,Teabot,
1.0,Y Combinator,https://www.ycombinator.com/companies/teleport,2026-08-26T14:11:08.511298Z,PRODUCT,Teleport,
1.0,Y Combinator,https://www.ycombinator.com/companies/lugg,2026-08-26T14:11:08.512283Z,PRODUCT,Lugg,
1.0,Y Combinator,https://www.ycombinator.com/companies/shasqi,2026-08-26T14:11:08.513201Z,PRODUCT,Shasqi,
1.0,Y Combinator,https://www.ycombinator.com/companies/mashgin,2026-08-26T14:11:08.514342Z,PRODUCT,Mashgin,
1.0,Y Combinator,https://www.ycombinator.com/companies/nimblerx,2026-08-26T14:11:08.515119Z,PRODUCT,Nimblerx,
1.0,Y Combinator,https://www.ycombinator.com/companies/quartzy,2026-08-26T14:11:08.515898Z,PRODUCT,Quartzy,
1.0,Y Combinator,https://www.ycombinator.com/companies/replika,2026-08-26T14:11:08.516699Z,PRODUCT,Replika,
1.0,Y Combinator,https://www.ycombinator.com/companies/tara-ai,2026-08-26T14:11:08.517549Z,PRODUCT,Tara,
1.0,Y Combinator,https://www.ycombinator.com/companies/flip,2026-08-26T14:11:08.518616Z,PRODUCT,Flip,
1.0,Y Combinator,https://www.ycombinator.com/companies/x-zell,2026-08-26T14:11:08.519325Z,PRODUCT,xAI,
1.0,Y Combinator,https://www.ycombinator.com/companies/zenflow,2026-08-26T14:11:08.520365Z,PRODUCT,Zenflow,
1.0,Y Combinator,https://www.ycombinator.com/companies/tab,2026-08-26T14:11:08.521275Z,PRODUCT,Tabnine,
1.0,Y Combinator,https://www.ycombinator.com/companies/streak,2026-08-26T14:11:08.522025Z,PRODUCT,Streak,
1.0,Y Combinator,https://www.ycombinator.com/companies/meadow,2026-08-26T14:11:08.522759Z,PRODUCT,Meadow,
1.0,Y Combinator,https://www.ycombinator.com/companies/level-frames,2026-08-26T14:11:08.523520Z,PRODUCT,Level Frames,
1.0,Y Combinator,https://www.ycombinator.com/companies/industrial-microbes,2026-08-26T14:11:08.524340Z,PRODUCT,Industrial Microbes,
1.0,Y Combinator,https://www.ycombinator.com/companies/giveffect,2026-08-26T14:11:08.525212Z,PRODUCT,Giveffect,
1.0,Y Combinator,https://www.ycombinator.com/companies/ebrandvalue,2026-08-26T14:11:08.526056Z,PRODUCT,Ebrandvalue,
1.0,Y Combinator,https://www.ycombinator.com/companies/quantierra,2026-08-26T14:11:08.526774Z,PRODUCT,Quantierra,
1.0,Y Combinator,https://www.ycombinator.com/companies/cleanly,2026-08-26T14:11:08.527485Z,PRODUCT,Cleanly,
1.0,Y Combinator,https://www.ycombinator.com/companies/resolve,2026-08-26T14:11:08.528483Z,PRODUCT,Resolve,
1.0,Y Combinator,https://www.ycombinator.com/companies/makrwatch,2026-08-26T14:11:08.529227Z,PRODUCT,Makrwatch,
1.0,Y Combinator,https://www.ycombinator.com/companies/teamnote,2026-08-26T14:11:08.529991Z,PRODUCT,Teamnote,
1.0,Y Combinator,https://www.ycombinator.com/companies/tempo,2026-08-26T14:11:08.530709Z,PRODUCT,Tempo,
1.0,Y Combinator,https://www.ycombinator.com/companies/sirum,2026-08-26T14:11:08.531526Z,PRODUCT,Sirum,
1.0,Y Combinator,https://www.ycombinator.com/companies/sails-co,2026-08-26T14:11:08.532256Z,PRODUCT,Sails,
1.0,Y Combinator,https://www.ycombinator.com/companies/readme,2026-08-26T14:11:08.533011Z,PRODUCT,Readme,
1.0,Y Combinator,https://www.ycombinator.com/companies/buildscience,2026-08-26T14:11:08.533971Z,PRODUCT,Buildscience,
1.0,Y Combinator,https://www.ycombinator.com/companies/platzi,2026-08-26T14:11:08.534949Z,PRODUCT,Platzi,
1.0,Y Combinator,https://www.ycombinator.com/companies/labdoor,2026-08-26T14:11:08.535861Z,PRODUCT,Labdoor,
1.0,Y Combinator,https://www.ycombinator.com/companies/givemetap,2026-08-26T14:11:08.536767Z,PRODUCT,Givemetap,
1.0,Y Combinator,https://www.ycombinator.com/companies/bankjoy,2026-08-26T14:11:08.537747Z,PRODUCT,Bankjoy,
1.0,Y Combinator,https://www.ycombinator.com/companies/zeitview,2026-08-26T14:11:08.538520Z,PRODUCT,Zeitview,
1.0,Y Combinator,https://www.ycombinator.com/companies/the-human-utility,2026-08-26T14:11:08.539289Z,PRODUCT,The Human Utility,
1.0,Y Combinator,https://www.ycombinator.com/companies/democracy-earth,2026-08-26T14:11:08.540046Z,PRODUCT,Democracy Earth,
1.0,Y Combinator,https://www.ycombinator.com/companies/onesignal,2026-08-26T14:11:08.540819Z,PRODUCT,Onesignal,
1.0,Y Combinator,https://www.ycombinator.com/companies/numerion-labs,2026-08-26T14:11:08.541564Z,PRODUCT,Numerion,
1.0,Y Combinator,https://www.ycombinator.com/companies/bright,2026-08-26T14:11:08.542426Z,PRODUCT,Bright,
1.0,Y Combinator,https://www.ycombinator.com/companies/magic,2026-08-26T14:11:08.543141Z,PRODUCT,Magic,
1.0,Y Combinator,https://www.ycombinator.com/companies/mezmo,2026-08-26T14:11:08.543875Z,PRODUCT,Mezmo,
1.0,Y Combinator,https://www.ycombinator.com/companies/akido-labs,2026-08-26T14:11:08.544647Z,PRODUCT,Akido,
1.0,Y Combinator,https://www.ycombinator.com/companies/qventus,2026-08-26T14:11:08.545398Z,PRODUCT,Qventus,
1.0,Y Combinator,https://www.ycombinator.com/companies/bayes-impact,2026-08-26T14:11:08.546189Z,PRODUCT,Bayes Impact,
1.0,Y Combinator,https://www.ycombinator.com/companies/helion-energy,2026-08-26T14:11:08.546973Z,PRODUCT,Helion Energy,
1.0,Y Combinator,https://www.ycombinator.com/companies/hackerrank,2026-08-26T14:11:08.547752Z,PRODUCT,Hackerrank,
1.0,Y Combinator,https://www.ycombinator.com/companies/front,2026-08-26T14:11:08.548648Z,PRODUCT,Front,
1.0,Y Combinator,https://www.ycombinator.com/companies/apollo,2026-08-26T14:11:08.549584Z,PRODUCT,Apollo,
1.0,Y Combinator,https://www.ycombinator.com/companies/roomstorm,2026-08-26T14:11:08.550597Z,PRODUCT,Roomstorm,
1.0,Y Combinator,https://www.ycombinator.com/companies/hive,2026-08-26T14:11:08.551532Z,PRODUCT,Hive,
1.0,Y Combinator,https://www.ycombinator.com/companies/spotangels,2026-08-26T14:11:08.552427Z,PRODUCT,Spotangels,
1.0,Y Combinator,https://www.ycombinator.com/companies/usergems,2026-08-26T14:11:08.553242Z,PRODUCT,Usergems,
1.0,Y Combinator,https://www.ycombinator.com/companies/sfox,2026-08-26T14:11:08.554148Z,PRODUCT,Sfox,
1.0,Y Combinator,https://www.ycombinator.com/companies/picnicai,2026-08-26T14:11:08.554989Z,PRODUCT,Picnicai,
1.0,Y Combinator,https://www.ycombinator.com/companies/permutive,2026-08-26T14:11:08.555762Z,PRODUCT,Permutive,
1.0,Y Combinator,https://www.ycombinator.com/companies/alchemy,2026-08-26T14:11:08.556489Z,PRODUCT,Alchemy,
1.0,Y Combinator,https://www.ycombinator.com/companies/mtailor,2026-08-26T14:11:08.557258Z,PRODUCT,Mtailor,
1.0,Y Combinator,https://www.ycombinator.com/companies/metricwire,2026-08-26T14:11:08.558006Z,PRODUCT,Metricwire,
1.0,Y Combinator,https://www.ycombinator.com/companies/protocol-labs,2026-08-26T14:11:08.558791Z,PRODUCT,Protocol,
1.0,Y Combinator,https://www.ycombinator.com/companies/greentoe,2026-08-26T14:11:08.559566Z,PRODUCT,Greentoe,
1.0,Y Combinator,https://www.ycombinator.com/companies/hyperpad,2026-08-26T14:11:08.560322Z,PRODUCT,Hyperpad,
1.0,Y Combinator,https://www.ycombinator.com/companies/flaviar,2026-08-26T14:11:08.561234Z,PRODUCT,Flaviar,
1.0,Y Combinator,https://www.ycombinator.com/companies/cleartax,2026-08-26T14:11:08.562088Z,PRODUCT,Clear,
1.0,Y Combinator,https://www.ycombinator.com/companies/backpack,2026-08-26T14:11:08.562932Z,PRODUCT,Backpack,
1.0,Y Combinator,https://www.ycombinator.com/companies/immunity-project,2026-08-26T14:11:08.563737Z,PRODUCT,Immunity Project,
1.0,Y Combinator,https://www.ycombinator.com/companies/dyspatch,2026-08-26T14:11:08.564696Z,PRODUCT,Dyspatch,
1.0,Y Combinator,https://www.ycombinator.com/companies/opencurriculum,2026-08-26T14:11:08.565495Z,PRODUCT,Opencurriculum,
1.0,Y Combinator,https://www.ycombinator.com/companies/mixerbox,2026-08-26T14:11:08.566237Z,PRODUCT,Mixerbox,
1.0,Y Combinator,https://www.ycombinator.com/companies/y-combinator,2026-08-26T14:11:08.567046Z,PRODUCT,Y Combinator,
1.0,Y Combinator,https://www.ycombinator.com/companies/gbatteries,2026-08-26T14:11:08.567805Z,PRODUCT,Gbatteries,
1.0,Y Combinator,https://www.ycombinator.com/companies/zinc,2026-08-26T14:11:08.568583Z,PRODUCT,Zinc,
1.0,Y Combinator,https://www.ycombinator.com/companies/zidisha,2026-08-26T14:11:08.569383Z,PRODUCT,Zidisha,
1.0,Y Combinator,https://www.ycombinator.com/companies/truevault,2026-08-26T14:11:08.570226Z,PRODUCT,Truevault,
1.0,Y Combinator,https://www.ycombinator.com/companies/guesty,2026-08-26T14:11:08.571200Z,PRODUCT,Guesty,
1.0,Y Combinator,https://www.ycombinator.com/companies/snapdocs,2026-08-26T14:11:08.572104Z,PRODUCT,Snapdocs,
1.0,Y Combinator,https://www.ycombinator.com/companies/medmonk,2026-08-26T14:11:08.573123Z,PRODUCT,Medmonk,
1.0,Y Combinator,https://www.ycombinator.com/companies/shoobs,2026-08-26T14:11:08.574004Z,PRODUCT,Shoobs,
1.0,Y Combinator,https://www.ycombinator.com/companies/pushbullet,2026-08-26T14:11:08.574889Z,PRODUCT,Pushbullet,
1.0,Y Combinator,https://www.ycombinator.com/companies/povio,2026-08-26T14:11:08.575784Z,PRODUCT,Povio,
1.0,Y Combinator,https://www.ycombinator.com/companies/piinpoint,2026-08-26T14:11:08.576610Z,PRODUCT,Piinpoint,
1.0,Y Combinator,https://www.ycombinator.com/companies/one-degree,2026-08-26T14:11:08.577609Z,PRODUCT,One Degree,
1.0,Y Combinator,https://www.ycombinator.com/companies/mbx,2026-08-26T14:11:08.578508Z,PRODUCT,Mbx,
1.0,Y Combinator,https://www.ycombinator.com/companies/emailio,2026-08-26T14:11:08.579503Z,PRODUCT,Emailio,
1.0,Y Combinator,https://www.ycombinator.com/companies/codenow,2026-08-26T14:11:08.580418Z,PRODUCT,Codenow,
1.0,Y Combinator,https://www.ycombinator.com/companies/codecombat,2026-08-26T14:11:08.581430Z,PRODUCT,Codecombat,
1.0,Y Combinator,https://www.ycombinator.com/companies/noora-health,2026-08-26T14:11:08.582367Z,PRODUCT,Noora Health,
1.0,Y Combinator,https://www.ycombinator.com/companies/cambly,2026-08-26T14:11:08.583240Z,PRODUCT,Cambly,
1.0,Y Combinator,https://www.ycombinator.com/companies/aptdeco,2026-08-26T14:11:08.584218Z,PRODUCT,Aptdeco,
1.0,Y Combinator,https://www.ycombinator.com/companies/caremessage,2026-08-26T14:11:08.585234Z,PRODUCT,Caremessage,
1.0,Y Combinator,https://www.ycombinator.com/companies/ambition,2026-08-26T14:11:08.586127Z,PRODUCT,Ambition,
1.0,Y Combinator,https://www.ycombinator.com/companies/airhelp,2026-08-26T14:11:08.586985Z,PRODUCT,Airhelp,
1.0,Y Combinator,https://www.ycombinator.com/companies/42,2026-08-26T14:11:08.587860Z,PRODUCT,42,
1.0,Y Combinator,https://www.ycombinator.com/companies/true-link,2026-08-26T14:11:08.588780Z,PRODUCT,True Link,
1.0,Y Combinator,https://www.ycombinator.com/companies/reebee,2026-08-26T14:11:08.589636Z,PRODUCT,Reebee,
1.0,Y Combinator,https://www.ycombinator.com/companies/lob,2026-08-26T14:11:08.590468Z,PRODUCT,Lob,
1.0,Y Combinator,https://www.ycombinator.com/companies/panorama-education,2026-08-26T14:11:08.591348Z,PRODUCT,Panorama Education,
1.0,Y Combinator,https://www.ycombinator.com/companies/cratejoy,2026-08-26T14:11:08.592331Z,PRODUCT,Cratejoy,
1.0,Y Combinator,https://www.ycombinator.com/companies/estimote-inc,2026-08-26T14:11:08.593190Z,PRODUCT,Estimote,
1.0,Y Combinator,https://www.ycombinator.com/companies/easypost,2026-08-26T14:11:08.594076Z,PRODUCT,Easypost,
1.0,Y Combinator,https://www.ycombinator.com/companies/asseta,2026-08-26T14:11:08.594961Z,PRODUCT,Asseta,
1.0,Y Combinator,https://www.ycombinator.com/companies/per-vices,2026-08-26T14:11:08.595882Z,PRODUCT,Per Vices,
1.0,Y Combinator,https://www.ycombinator.com/companies/7cups,2026-08-26T14:11:08.596814Z,PRODUCT,7Cups,
1.0,Y Combinator,https://www.ycombinator.com/companies/watsi,2026-08-26T14:11:08.597672Z,PRODUCT,Watsi,
1.0,Y Combinator,https://www.ycombinator.com/companies/goldbelly,2026-08-26T14:11:08.598472Z,PRODUCT,Goldbelly,
1.0,Y Combinator,https://www.ycombinator.com/companies/wevorce,2026-08-26T14:11:08.599314Z,PRODUCT,Wevorce,
1.0,Y Combinator,https://www.ycombinator.com/companies/wefunder,2026-08-26T14:11:08.600102Z,PRODUCT,Wefunder,
1.0,Y Combinator,https://www.ycombinator.com/companies/simplyinsured,2026-08-26T14:11:08.600875Z,PRODUCT,Simplyinsured,
1.0,Y Combinator,https://www.ycombinator.com/companies/circuithub,2026-08-26T14:11:08.601651Z,PRODUCT,Circuithub,
1.0,Y Combinator,https://www.ycombinator.com/companies/experiment,2026-08-26T14:11:08.602508Z,PRODUCT,Experiment,
1.0,Y Combinator,https://www.ycombinator.com/companies/radar,2026-08-26T14:11:08.603350Z,PRODUCT,Radar,
1.0,Y Combinator,https://www.ycombinator.com/companies/lollipuff,2026-08-26T14:11:08.604310Z,PRODUCT,Lollipuff,
1.0,Y Combinator,https://www.ycombinator.com/companies/strikingly,2026-08-26T14:11:08.605227Z,PRODUCT,Strikingly,
1.0,Y Combinator,https://www.ycombinator.com/companies/influxdata,2026-08-26T14:11:08.606045Z,PRODUCT,Influxdata,
1.0,Y Combinator,https://www.ycombinator.com/companies/etleap,2026-08-26T14:11:08.606824Z,PRODUCT,Etleap,
1.0,Y Combinator,https://www.ycombinator.com/companies/cheetah,2026-08-26T14:11:08.607695Z,PRODUCT,Cheetah,
1.0,Y Combinator,https://www.ycombinator.com/companies/lawdingo,2026-08-26T14:11:08.608550Z,PRODUCT,Lawdingo,
1.0,Y Combinator,https://www.ycombinator.com/companies/padlet,2026-08-26T14:11:08.609396Z,PRODUCT,Padlet,
1.0,Y Combinator,https://www.ycombinator.com/companies/buildzoom,2026-08-26T14:11:08.610199Z,PRODUCT,Buildzoom,
1.0,Y Combinator,https://www.ycombinator.com/companies/circuitlab,2026-08-26T14:11:08.611071Z,PRODUCT,Circuitlab,
1.0,Y Combinator,https://www.ycombinator.com/companies/styleup,2026-08-26T14:11:08.611927Z,PRODUCT,Styleup,
1.0,Y Combinator,https://www.ycombinator.com/companies/9gag,2026-08-26T14:11:08.612738Z,PRODUCT,9Gag,
1.0,Y Combinator,https://www.ycombinator.com/companies/svbtle,2026-08-26T14:11:08.613530Z,PRODUCT,Svbtle,
1.0,Y Combinator,https://www.ycombinator.com/companies/plivo,2026-08-26T14:11:08.614398Z,PRODUCT,Plivo,
1.0,Y Combinator,https://www.ycombinator.com/companies/double-robotics,2026-08-26T14:11:08.615275Z,PRODUCT,Double Robotics,
1.0,Y Combinator,https://www.ycombinator.com/companies/vastrm,2026-08-26T14:11:08.616108Z,PRODUCT,Vastrm,
1.0,Y Combinator,https://www.ycombinator.com/companies/flightfox,2026-08-26T14:11:08.616936Z,PRODUCT,Flightfox,
1.0,Y Combinator,https://www.ycombinator.com/companies/backerkit,2026-08-26T14:11:08.617784Z,PRODUCT,Backerkit,
1.0,Y Combinator,https://www.ycombinator.com/companies/submittable,2026-08-26T14:11:08.618634Z,PRODUCT,Submittable,
1.0,Y Combinator,https://www.ycombinator.com/companies/newsblur,2026-08-26T14:11:08.619404Z,PRODUCT,Newsblur,
1.0,Y Combinator,https://www.ycombinator.com/companies/octavewealth,2026-08-26T14:11:08.620164Z,PRODUCT,Octavewealth,
1.0,Y Combinator,https://www.ycombinator.com/companies/upwave,2026-08-26T14:11:08.621001Z,PRODUCT,Upwave,
1.0,Y Combinator,https://www.ycombinator.com/companies/eligible,2026-08-26T14:11:08.621864Z,PRODUCT,Eligible,
1.0,Y Combinator,https://www.ycombinator.com/companies/fundersclub,2026-08-26T14:11:08.622698Z,PRODUCT,Fundersclub,
1.0,Y Combinator,https://www.ycombinator.com/companies/zentail,2026-08-26T14:11:08.623582Z,PRODUCT,Zentail,
1.0,Y Combinator,https://www.ycombinator.com/companies/mattermost,2026-08-26T14:11:08.624395Z,PRODUCT,Mattermost,
1.0,Y Combinator,https://www.ycombinator.com/companies/healthsherpa,2026-08-26T14:11:08.625188Z,PRODUCT,Healthsherpa,
1.0,Y Combinator,https://www.ycombinator.com/companies/human-dx,2026-08-26T14:11:08.626015Z,PRODUCT,Human Dx,
1.0,Y Combinator,https://www.ycombinator.com/companies/mth-sense,2026-08-26T14:11:08.626899Z,PRODUCT,Mth Sense,
1.0,Y Combinator,https://www.ycombinator.com/companies/rainforest,2026-08-26T14:11:08.627786Z,PRODUCT,Rainforest,
1.0,Y Combinator,https://www.ycombinator.com/companies/redoubt-insurance,2026-08-26T14:11:08.628663Z,PRODUCT,Redoubt Insurance,
1.0,Y Combinator,https://www.ycombinator.com/companies/antimattr,2026-08-26T14:11:08.629508Z,PRODUCT,Antimattr,
1.0,Y Combinator,https://www.ycombinator.com/companies/covera,2026-08-26T14:11:08.630455Z,PRODUCT,Covera,
1.0,Y Combinator,https://www.ycombinator.com/companies/vorelios,2026-08-26T14:11:08.631403Z,PRODUCT,Vorelios,
1.0,Y Combinator,https://www.ycombinator.com/companies/hemlock,2026-08-26T14:11:08.632221Z,PRODUCT,Hemlock,
1.0,Y Combinator,https://www.ycombinator.com/companies/antropi-robotics,2026-08-26T14:11:08.633090Z,PRODUCT,Antropi Robotics,
1.0,Y Combinator,https://www.ycombinator.com/companies/lantern-ai,2026-08-26T14:11:08.633977Z,PRODUCT,Lantern,
1.0,Y Combinator,https://www.ycombinator.com/companies/useforward,2026-08-26T14:11:08.634976Z,PRODUCT,Forward,
1.0,Y Combinator,https://www.ycombinator.com/companies/capveon,2026-08-26T14:11:08.635898Z,PRODUCT,Capveon,
1.0,Y Combinator,https://www.ycombinator.com/companies/screenleap-inc,2026-08-26T14:11:08.636833Z,PRODUCT,Screenleap,
1.0,Y Combinator,https://www.ycombinator.com/companies/qokedas,2026-08-26T14:11:08.637737Z,PRODUCT,Qokedas,
1.0,Y Combinator,https://www.ycombinator.com/companies/veeza-ai,2026-08-26T14:11:08.638592Z,PRODUCT,Veeza,
1.0,Y Combinator,https://www.ycombinator.com/companies/buxfer,2026-08-26T14:11:08.639501Z,PRODUCT,Buxfer,
1.0,Y Combinator,https://www.ycombinator.com/companies/simulithic,2026-08-26T14:11:08.640417Z,PRODUCT,Simulithic,
1.0,Y Combinator,https://www.ycombinator.com/companies/sentient-os,2026-08-26T14:11:08.641403Z,PRODUCT,Sentient Os,
1.0,Y Combinator,https://www.ycombinator.com/companies/herdr,2026-08-26T14:11:08.642286Z,PRODUCT,Herdr,
1.0,Y Combinator,https://www.ycombinator.com/companies/lambda-robotics,2026-08-26T14:11:08.643193Z,PRODUCT,Lambda Robotics,
1.0,Y Combinator,https://www.ycombinator.com/companies/virtualmin,2026-08-26T14:11:08.644092Z,PRODUCT,Virtualmin,
1.0,Y Combinator,https://www.ycombinator.com/companies/opentag,2026-08-26T14:11:08.645142Z,PRODUCT,Opentag,
1.0,Y Combinator,https://www.ycombinator.com/companies/conifer,2026-08-26T14:11:08.645984Z,PRODUCT,Conifer,
1.0,Y Combinator,https://www.ycombinator.com/companies/simantic,2026-08-26T14:11:08.646811Z,PRODUCT,Simantic,
1.0,Y Combinator,https://www.ycombinator.com/companies/experiential-labs,2026-08-26T14:11:08.648070Z,PRODUCT,Experiential,
1.0,Y Combinator,https://www.ycombinator.com/companies/edviro,2026-08-26T14:11:08.649078Z,PRODUCT,Edviro,
1.0,Y Combinator,https://www.ycombinator.com/companies/lightfield,2026-08-26T14:11:08.650102Z,PRODUCT,Lightfield,
1.0,Y Combinator,https://www.ycombinator.com/companies/coarena,2026-08-26T14:11:08.651067Z,PRODUCT,Coarena,
1.0,Y Combinator,https://www.ycombinator.com/companies/caution,2026-08-26T14:11:08.652023Z,PRODUCT,Caution,
1.0,Y Combinator,https://www.ycombinator.com/companies/magma,2026-08-26T14:11:08.652915Z,PRODUCT,Magma,
1.0,Y Combinator,https://www.ycombinator.com/companies/atomarine,2026-08-26T14:11:08.653793Z,PRODUCT,Atomarine,
1.0,Y Combinator,https://www.ycombinator.com/companies/billow-ai-labs,2026-08-26T14:11:08.654684Z,PRODUCT,Billow,
1.0,Y Combinator,https://www.ycombinator.com/companies/hardware-intelligence,2026-08-26T14:11:08.655632Z,PRODUCT,Hardware Intelligence,
1.0,Y Combinator,https://www.ycombinator.com/companies/osseus,2026-08-26T14:11:08.656507Z,PRODUCT,Osseus,
1.0,Y Combinator,https://www.ycombinator.com/companies/allia-health,2026-08-26T14:11:08.657381Z,PRODUCT,Allia Health,
1.0,Y Combinator,https://www.ycombinator.com/companies/salem-robotics-inc,2026-08-26T14:11:08.658275Z,PRODUCT,Salem Robotics,
1.0,Y Combinator,https://www.ycombinator.com/companies/robocurve,2026-08-26T14:11:08.659069Z,PRODUCT,Robocurve,
1.0,Y Combinator,https://www.ycombinator.com/companies/hiloop,2026-08-26T14:11:08.660065Z,PRODUCT,Hiloop,
1.0,Y Combinator,https://www.ycombinator.com/companies/snap-poker,2026-08-26T14:11:08.660909Z,PRODUCT,Snap Poker,
1.0,Y Combinator,https://www.ycombinator.com/companies/dawn-industries,2026-08-26T14:11:08.661785Z,PRODUCT,Dawn Industries,
1.0,Y Combinator,https://www.ycombinator.com/companies/nex,2026-08-26T14:11:08.662654Z,PRODUCT,Nex,
1.0,Y Combinator,https://www.ycombinator.com/companies/onecli,2026-08-26T14:11:08.663517Z,PRODUCT,Onecli,
1.0,Y Combinator,https://www.ycombinator.com/companies/vernius-systems-inc,2026-08-26T14:11:08.664390Z,PRODUCT,Vernius,
1.0,Y Combinator,https://www.ycombinator.com/companies/wondering,2026-08-26T14:11:08.665287Z,PRODUCT,Wondering,
1.0,Y Combinator,https://www.ycombinator.com/companies/tracer,2026-08-26T14:11:08.666127Z,PRODUCT,Tracer,
1.0,Y Combinator,https://www.ycombinator.com/companies/amulet,2026-08-26T14:11:08.667044Z,PRODUCT,Amulet,
1.0,Y Combinator,https://www.ycombinator.com/companies/avoca-systems,2026-08-26T14:11:08.667897Z,PRODUCT,Avoca,
1.0,Y Combinator,https://www.ycombinator.com/companies/subvysion,2026-08-26T14:11:08.668709Z,PRODUCT,Subvysion,
1.0,Y Combinator,https://www.ycombinator.com/companies/ethos-space-resources,2026-08-26T14:11:08.669685Z,PRODUCT,Ethos Space Resources,
1.0,Y Combinator,https://www.ycombinator.com/companies/spaceflow-technologies-inc,2026-08-26T14:11:08.670630Z,PRODUCT,Spaceflow,
1.0,Y Combinator,https://www.ycombinator.com/companies/petrarch,2026-08-26T14:11:08.671518Z,PRODUCT,Petrarch,
1.0,Y Combinator,https://www.ycombinator.com/companies/locke,2026-08-26T14:11:08.672339Z,PRODUCT,Locke,
1.0,Y Combinator,https://www.ycombinator.com/companies/florin,2026-08-26T14:11:08.673438Z,PRODUCT,Florin,
1.0,Y Combinator,https://www.ycombinator.com/companies/earendil-robotics,2026-08-26T14:11:08.674577Z,PRODUCT,Earendil Robotics,
1.0,Y Combinator,https://www.ycombinator.com/companies/hebbian-robotics,2026-08-26T14:11:08.675650Z,PRODUCT,Hebbian Robotics,
1.0,Y Combinator,https://www.ycombinator.com/companies/princeps,2026-08-26T14:11:08.676620Z,PRODUCT,Princeps,
1.0,Y Combinator,https://www.ycombinator.com/companies/hop-aero,2026-08-26T14:11:08.677637Z,PRODUCT,Hop Aero,
1.0,Y Combinator,https://www.ycombinator.com/companies/agent-fm,2026-08-26T14:11:08.678579Z,PRODUCT,Agent Fm,
1.0,Y Combinator,https://www.ycombinator.com/companies/openrelay,2026-08-26T14:11:08.679648Z,PRODUCT,Openrelay,
1.0,Y Combinator,https://www.ycombinator.com/companies/dock,2026-08-26T14:11:08.680609Z,PRODUCT,Dock,
1.0,Y Combinator,https://www.ycombinator.com/companies/verdict-machine,2026-08-26T14:11:08.681634Z,PRODUCT,Verdict Machine,
1.0,Y Combinator,https://www.ycombinator.com/companies/tovenai,2026-08-26T14:11:08.682556Z,PRODUCT,Tovenai,
1.0,Y Combinator,https://www.ycombinator.com/companies/hyperprobe,2026-08-26T14:11:08.683542Z,PRODUCT,Hyperprobe,
1.0,Y Combinator,https://www.ycombinator.com/companies/grip,2026-08-26T14:11:08.684534Z,PRODUCT,Grip,
1.0,Y Combinator,https://www.ycombinator.com/companies/skymerse,2026-08-26T14:11:08.685596Z,PRODUCT,Skymerse,
1.0,Y Combinator,https://www.ycombinator.com/companies/hubble-ai,2026-08-26T14:11:08.686661Z,PRODUCT,Hubble,
1.0,Y Combinator,https://www.ycombinator.com/companies/palisade-2,2026-08-26T14:11:08.687731Z,PRODUCT,Palisade,
1.0,Y Combinator,https://www.ycombinator.com/companies/83-sciences,2026-08-26T14:11:08.688685Z,PRODUCT,83 Sciences,
1.0,Y Combinator,https://www.ycombinator.com/companies/chromie,2026-08-26T14:11:08.689581Z,PRODUCT,Chromie,
1.0,Y Combinator,https://www.ycombinator.com/companies/lamb-labs,2026-08-26T14:11:08.690574Z,PRODUCT,Lamb,
1.0,Y Combinator,https://www.ycombinator.com/companies/shiraz-ai,2026-08-26T14:11:08.691477Z,PRODUCT,Shiraz,
1.0,Y Combinator,https://www.ycombinator.com/companies/mireye,2026-08-26T14:11:08.692428Z,PRODUCT,Mireye,
1.0,Y Combinator,https://www.ycombinator.com/companies/touchy,2026-08-26T14:11:08.693418Z,PRODUCT,Touchy,
1.0,Y Combinator,https://www.ycombinator.com/companies/derya,2026-08-26T14:11:08.694305Z,PRODUCT,Derya,
1.0,Y Combinator,https://www.ycombinator.com/companies/pennant,2026-08-26T14:11:08.695281Z,PRODUCT,Pennant,
1.0,Y Combinator,https://www.ycombinator.com/companies/decawork,2026-08-26T14:11:08.696201Z,PRODUCT,Decawork,
1.0,Y Combinator,https://www.ycombinator.com/companies/carsignal,2026-08-26T14:11:08.697181Z,PRODUCT,Carsignal,
1.0,Y Combinator,https://www.ycombinator.com/companies/axelrod,2026-08-26T14:11:08.698250Z,PRODUCT,Axelrod,
1.0,Y Combinator,https://www.ycombinator.com/companies/levocred-ai,2026-08-26T14:11:08.699198Z,PRODUCT,Levocred,
1.0,Y Combinator,https://www.ycombinator.com/companies/praxis-robotics,2026-08-26T14:11:08.700150Z,PRODUCT,Praxis Robotics,
1.0,Y Combinator,https://www.ycombinator.com/companies/care-gp,2026-08-26T14:11:08.701155Z,PRODUCT,Care Gp,
1.0,Y Combinator,https://www.ycombinator.com/companies/radley,2026-08-26T14:11:08.702119Z,PRODUCT,Radley,
1.0,Y Combinator,https://www.ycombinator.com/companies/agnost-ai,2026-08-26T14:11:08.703022Z,PRODUCT,Agnost,
1.0,Y Combinator,https://www.ycombinator.com/companies/agentcard,2026-08-26T14:11:08.703874Z,PRODUCT,Agentcard,
1.0,Y Combinator,https://www.ycombinator.com/companies/provenmetal,2026-08-26T14:11:08.704742Z,PRODUCT,Provenmetal,
1.0,Y Combinator,https://www.ycombinator.com/companies/gamgee,2026-08-26T14:11:08.705719Z,PRODUCT,Gamgee,
1.0,Y Combinator,https://www.ycombinator.com/companies/inkbox,2026-08-26T14:11:08.706619Z,PRODUCT,Inkbox,
1.0,Y Combinator,https://www.ycombinator.com/companies/cosmic-robotics,2026-08-26T14:11:08.707554Z,PRODUCT,Cosmic Robotics,
1.0,Y Combinator,https://www.ycombinator.com/companies/markov,2026-08-26T14:11:08.708414Z,PRODUCT,Markov,
1.0,Y Combinator,https://www.ycombinator.com/companies/familiar,2026-08-26T14:11:08.709258Z,PRODUCT,Familiar,
1.0,Y Combinator,https://www.ycombinator.com/companies/lumeria,2026-08-26T14:11:08.710214Z,PRODUCT,Lumeria,
1.0,Y Combinator,https://www.ycombinator.com/companies/marengo,2026-08-26T14:11:08.711112Z,PRODUCT,Marengo,
1.0,Y Combinator,https://www.ycombinator.com/companies/ronanrx-inc,2026-08-26T14:11:08.711960Z,PRODUCT,Ronanrx,
1.0,Y Combinator,https://www.ycombinator.com/companies/waybill,2026-08-26T14:11:08.712871Z,PRODUCT,Waybill,
1.0,Y Combinator,https://www.ycombinator.com/companies/executor,2026-08-26T14:11:08.713742Z,PRODUCT,Executor,
1.0,Y Combinator,https://www.ycombinator.com/companies/last-accounting-company,2026-08-26T14:11:08.714694Z,PRODUCT,Last Accounting,
1.0,Y Combinator,https://www.ycombinator.com/companies/pacific,2026-08-26T14:11:08.715578Z,PRODUCT,Pacific,
1.0,Y Combinator,https://www.ycombinator.com/companies/luca-iq,2026-08-26T14:11:08.716555Z,PRODUCT,Luca Iq,
1.0,Y Combinator,https://www.ycombinator.com/companies/financial-datasets,2026-08-26T14:11:08.717530Z,PRODUCT,Financial Datasets,
1.0,Y Combinator,https://www.ycombinator.com/companies/trynearby,2026-08-26T14:11:08.718496Z,PRODUCT,Trynearby,
1.0,Y Combinator,https://www.ycombinator.com/companies/computable,2026-08-26T14:11:08.719392Z,PRODUCT,Computable,
1.0,Y Combinator,https://www.ycombinator.com/companies/denta,2026-08-26T14:11:08.720286Z,PRODUCT,Denta,
1.0,Y Combinator,https://www.ycombinator.com/companies/isengard-industries-inc,2026-08-26T14:11:08.721285Z,PRODUCT,Isengard Industries,
1.0,Y Combinator,https://www.ycombinator.com/companies/ekho-labs,2026-08-26T14:11:08.722293Z,PRODUCT,Ekho,
1.0,Y Combinator,https://www.ycombinator.com/companies/moving-atoms,2026-08-26T14:11:08.723298Z,PRODUCT,Moving Atoms,
1.0,Y Combinator,https://www.ycombinator.com/companies/vestris,2026-08-26T14:11:08.724207Z,PRODUCT,Vestris,
1.0,Y Combinator,https://www.ycombinator.com/companies/ultrasonium,2026-08-26T14:11:08.725061Z,PRODUCT,Ultrasonium,
1.0,Y Combinator,https://www.ycombinator.com/companies/arbital,2026-08-26T14:11:08.725964Z,PRODUCT,Arbital,
1.0,Y Combinator,https://www.ycombinator.com/companies/pokerclubhub,2026-08-26T14:11:08.726910Z,PRODUCT,Pokerclubhub,
1.0,Y Combinator,https://www.ycombinator.com/companies/neuron-industries,2026-08-26T14:11:08.727976Z,PRODUCT,Neuron Industries,
1.0,Y Combinator,https://www.ycombinator.com/companies/neuromorphic,2026-08-26T14:11:08.728948Z,PRODUCT,Neuromorphic,
1.0,Y Combinator,https://www.ycombinator.com/companies/lato,2026-08-26T14:11:08.729874Z,PRODUCT,Lato,
1.0,Y Combinator,https://www.ycombinator.com/companies/risklytics,2026-08-26T14:11:08.730798Z,PRODUCT,Risklytics,
1.0,Y Combinator,https://www.ycombinator.com/companies/daqstra,2026-08-26T14:11:08.731736Z,PRODUCT,Daqstra,
1.0,Y Combinator,https://www.ycombinator.com/companies/tenor,2026-08-26T14:11:08.732593Z,PRODUCT,Tenor,
1.0,Y Combinator,https://www.ycombinator.com/companies/qlo,2026-08-26T14:11:08.733524Z,PRODUCT,Qlo,
1.0,Y Combinator,https://www.ycombinator.com/companies/fabraix,2026-08-26T14:11:08.734510Z,PRODUCT,Fabraix,
1.0,Y Combinator,https://www.ycombinator.com/companies/omanta,2026-08-26T14:11:08.735526Z,PRODUCT,Omanta,
1.0,Y Combinator,https://www.ycombinator.com/companies/rational,2026-08-26T14:11:08.736502Z,PRODUCT,Rational,
1.0,Y Combinator,https://www.ycombinator.com/companies/aktoria-robotics,2026-08-26T14:11:08.737425Z,PRODUCT,Aktoria Robotics,
1.0,Y Combinator,https://www.ycombinator.com/companies/vendo,2026-08-26T14:11:08.738357Z,PRODUCT,Vendo,
1.0,Y Combinator,https://www.ycombinator.com/companies/akon-labs,2026-08-26T14:11:08.739259Z,PRODUCT,Akon,
1.0,Y Combinator,https://www.ycombinator.com/companies/click,2026-08-26T14:11:08.740290Z,PRODUCT,Click,
1.0,Y Combinator,https://www.ycombinator.com/companies/whitespace,2026-08-26T14:11:08.741360Z,PRODUCT,Whitespace,
1.0,Y Combinator,https://www.ycombinator.com/companies/blue-frog-gaming,2026-08-26T14:11:08.742420Z,PRODUCT,Blue Frog Gaming,
1.0,Y Combinator,https://www.ycombinator.com/companies/almanac,2026-08-26T14:11:08.743277Z,PRODUCT,Almanac,
1.0,Y Combinator,https://www.ycombinator.com/companies/tarebio,2026-08-26T14:11:08.744228Z,PRODUCT,Tarebio,
1.0,Y Combinator,https://www.ycombinator.com/companies/greypoint-industries,2026-08-26T14:11:08.745293Z,PRODUCT,Greypoint Industries,
1.0,Y Combinator,https://www.ycombinator.com/companies/hilstart,2026-08-26T14:11:08.746156Z,PRODUCT,Hilstart,
1.0,Y Combinator,https://www.ycombinator.com/companies/aerogen-systems,2026-08-26T14:11:08.747006Z,PRODUCT,Aerogen,
1.0,Y Combinator,https://www.ycombinator.com/companies/graphify-labs,2026-08-26T14:11:08.747897Z,PRODUCT,Graphify,
1.0,Y Combinator,https://www.ycombinator.com/companies/ooak-data,2026-08-26T14:11:08.748925Z,PRODUCT,Ooak Data,
1.0,Y Combinator,https://www.ycombinator.com/companies/noril1,2026-08-26T14:11:08.749858Z,PRODUCT,Nori,
1.0,Y Combinator,https://www.ycombinator.com/companies/6thsense,2026-08-26T14:11:08.750806Z,PRODUCT,6Thsense,
1.0,Y Combinator,https://www.ycombinator.com/companies/bloomy,2026-08-26T14:11:08.751712Z,PRODUCT,Bloomy,
1.0,Y Combinator,https://www.ycombinator.com/companies/machine0,2026-08-26T14:11:08.752619Z,PRODUCT,Machine0,
1.0,Y Combinator,https://www.ycombinator.com/companies/talentpluto,2026-08-26T14:11:08.753580Z,PRODUCT,Pluto,
1.0,Y Combinator,https://www.ycombinator.com/companies/flowmanual,2026-08-26T14:11:08.754547Z,PRODUCT,Flowmanual,
1.0,Y Combinator,https://www.ycombinator.com/companies/stratum-industries,2026-08-26T14:11:08.755600Z,PRODUCT,Stratum Industries,
1.0,Y Combinator,https://www.ycombinator.com/companies/peer,2026-08-26T14:11:08.756663Z,PRODUCT,Peer,
1.0,Y Combinator,https://www.ycombinator.com/companies/molagri,2026-08-26T14:11:08.757756Z,PRODUCT,Molagri,
1.0,Y Combinator,https://www.ycombinator.com/companies/cerenovus,2026-08-26T14:11:08.758832Z,PRODUCT,Cerenovus,
1.0,Y Combinator,https://www.ycombinator.com/companies/agency-tool-company,2026-08-26T14:11:08.762072Z,PRODUCT,Agency Tool,
1.0,Y Combinator,https://www.ycombinator.com/companies/standard-machines,2026-08-26T14:11:08.763118Z,PRODUCT,Standard Machines,
1.0,Y Combinator,https://www.ycombinator.com/companies/edotenv,2026-08-26T14:11:08.764086Z,PRODUCT,Edotenv,
1.0,Y Combinator,https://www.ycombinator.com/companies/traceforce,2026-08-26T14:11:08.764940Z,PRODUCT,Traceforce,
1.0,Y Combinator,https://www.ycombinator.com/companies/veltha,2026-08-26T14:11:08.765835Z,PRODUCT,Veltha,
1.0,Y Combinator,https://www.ycombinator.com/companies/tarifflo-inc,2026-08-26T14:11:08.766846Z,PRODUCT,Tarifflo,
1.0,Y Combinator,https://www.ycombinator.com/companies/callbook-ai,2026-08-26T14:11:08.767830Z,PRODUCT,Callbook,
1.0,Y Combinator,https://www.ycombinator.com/companies/definite,2026-08-26T14:11:08.768752Z,PRODUCT,Definite,
1.0,Y Combinator,https://www.ycombinator.com/companies/alkera-ai,2026-08-26T14:11:08.769700Z,PRODUCT,Alkera,
1.0,Y Combinator,https://www.ycombinator.com/companies/rasyn,2026-08-26T14:11:08.770686Z,PRODUCT,Rasyn,
1.0,Y Combinator,https://www.ycombinator.com/companies/manifold-2,2026-08-26T14:11:08.771643Z,PRODUCT,Manifold,
1.0,Y Combinator,https://www.ycombinator.com/companies/screenpipe,2026-08-26T14:11:08.772591Z,PRODUCT,Screenpipe,
1.0,Y Combinator,https://www.ycombinator.com/companies/spectre-intelligence,2026-08-26T14:11:08.773597Z,PRODUCT,Spectre Intelligence,
1.0,Y Combinator,https://www.ycombinator.com/companies/zaplar,2026-08-26T14:11:08.774542Z,PRODUCT,Zaplar,
1.0,Y Combinator,https://www.ycombinator.com/companies/prodigy-research,2026-08-26T14:11:08.775578Z,PRODUCT,Prodigy Research,
1.0,Y Combinator,https://www.ycombinator.com/companies/touchmark,2026-08-26T14:11:08.776573Z,PRODUCT,Touchmark,
1.0,Y Combinator,https://www.ycombinator.com/companies/exosat,2026-08-26T14:11:08.777479Z,PRODUCT,Exosat,
1.0,Y Combinator,https://www.ycombinator.com/companies/codag,2026-08-26T14:11:08.778365Z,PRODUCT,Codag,
1.0,Y Combinator,https://www.ycombinator.com/companies/contextdev,2026-08-26T14:11:08.779344Z,PRODUCT,Context Dev,
1.0,Y Combinator,https://www.ycombinator.com/companies/glen,2026-08-26T14:11:08.780369Z,PRODUCT,Glen,
1.0,Y Combinator,https://www.ycombinator.com/companies/stoa,2026-08-26T14:11:08.781468Z,PRODUCT,Stoa,
1.0,Y Combinator,https://www.ycombinator.com/companies/joinmarble,2026-08-26T14:11:08.782483Z,PRODUCT,Marble,
1.0,Y Combinator,https://www.ycombinator.com/companies/audun,2026-08-26T14:11:08.783533Z,PRODUCT,Audun,
1.0,Y Combinator,https://www.ycombinator.com/companies/grocalo,2026-08-26T14:11:08.784626Z,PRODUCT,Grocalo,
1.0,Y Combinator,https://www.ycombinator.com/companies/ai-coach,2026-08-26T14:11:08.785731Z,PRODUCT,Coach,
1.0,Y Combinator,https://www.ycombinator.com/companies/deepreach-inc,2026-08-26T14:11:08.786754Z,PRODUCT,Deepreach,
1.0,Y Combinator,https://www.ycombinator.com/companies/mochitv,2026-08-26T14:11:08.787890Z,PRODUCT,Mochi Tv,
1.0,Y Combinator,https://www.ycombinator.com/companies/alloovium,2026-08-26T14:11:08.788896Z,PRODUCT,Alloovium,
1.0,Y Combinator,https://www.ycombinator.com/companies/dialogus,2026-08-26T14:11:08.789949Z,PRODUCT,Dialogus,
1.0,Y Combinator,https://www.ycombinator.com/companies/mosaic-inc,2026-08-26T14:11:08.791126Z,PRODUCT,Mosaic,
1.0,Y Combinator,https://www.ycombinator.com/companies/bizmark,2026-08-26T14:11:08.792240Z,PRODUCT,Bizmark,
1.0,Y Combinator,https://www.ycombinator.com/companies/riften,2026-08-26T14:11:08.793335Z,PRODUCT,Riften,
1.0,Y Combinator,https://www.ycombinator.com/companies/buildbox,2026-08-26T14:11:08.794496Z,PRODUCT,Buildbox,
1.0,Y Combinator,https://www.ycombinator.com/companies/realpact,2026-08-26T14:11:08.795506Z,PRODUCT,Realpact,
1.0,Y Combinator,https://www.ycombinator.com/companies/guild,2026-08-26T14:11:08.796531Z,PRODUCT,Guild,
1.0,Y Combinator,https://www.ycombinator.com/companies/floracene,2026-08-26T14:11:08.797610Z,PRODUCT,Floracene,
1.0,Y Combinator,https://www.ycombinator.com/companies/rise-reforming,2026-08-26T14:11:08.798604Z,PRODUCT,Rise Reforming,
1.0,Y Combinator,https://www.ycombinator.com/companies/lyon,2026-08-26T14:11:08.799595Z,PRODUCT,Lyon,
1.0,Y Combinator,https://www.ycombinator.com/companies/instaplay,2026-08-26T14:11:08.800715Z,PRODUCT,Instaplay,
1.0,Y Combinator,https://www.ycombinator.com/companies/verdant,2026-08-26T14:11:08.801780Z,PRODUCT,Verdant,
1.0,Y Combinator,https://www.ycombinator.com/companies/impact-drones,2026-08-26T14:11:08.802844Z,PRODUCT,Impact Drones,
1.0,Y Combinator,https://www.ycombinator.com/companies/insurf,2026-08-26T14:11:08.803905Z,PRODUCT,Insurf,
1.0,Y Combinator,https://www.ycombinator.com/companies/jcode,2026-08-26T14:11:08.804901Z,PRODUCT,Jcode,
1.0,Y Combinator,https://www.ycombinator.com/companies/lemonlime,2026-08-26T14:11:08.805995Z,PRODUCT,Lemonlime,
1.0,Y Combinator,https://www.ycombinator.com/companies/gutgutgoose,2026-08-26T14:11:08.806968Z,PRODUCT,Gutgutgoose,
1.0,Y Combinator,https://www.ycombinator.com/companies/speko,2026-08-26T14:11:08.808006Z,PRODUCT,Speko,
1.0,Y Combinator,https://www.ycombinator.com/companies/synapse-semiconductor,2026-08-26T14:11:08.809101Z,PRODUCT,Synapse Semiconductor,
1.0,Y Combinator,https://www.ycombinator.com/companies/understudy-labs,2026-08-26T14:11:08.810081Z,PRODUCT,Understudy,
1.0,Y Combinator,https://www.ycombinator.com/companies/rote,2026-08-26T14:11:08.810972Z,PRODUCT,Rote,
1.0,Y Combinator,https://www.ycombinator.com/companies/prized,2026-08-26T14:11:08.811968Z,PRODUCT,Prized,
1.0,Y Combinator,https://www.ycombinator.com/companies/studio,2026-08-26T14:11:08.812924Z,PRODUCT,Studio,
1.0,Y Combinator,https://www.ycombinator.com/companies/bernard,2026-08-26T14:11:08.813917Z,PRODUCT,Bernard,
1.0,Y Combinator,https://www.ycombinator.com/companies/maingen,2026-08-26T14:11:08.814934Z,PRODUCT,Maingen,
1.0,Y Combinator,https://www.ycombinator.com/companies/enact,2026-08-26T14:11:08.816000Z,PRODUCT,Enact,
1.0,Y Combinator,https://www.ycombinator.com/companies/rex-inc,2026-08-26T14:11:08.817010Z,PRODUCT,Rex,
1.0,Y Combinator,https://www.ycombinator.com/companies/zomma,2026-08-26T14:11:08.818439Z,PRODUCT,Zomma,
1.0,Y Combinator,https://www.ycombinator.com/companies/nebula-security,2026-08-26T14:11:08.819505Z,PRODUCT,Nebula Security,
1.0,Y Combinator,https://www.ycombinator.com/companies/kara,2026-08-26T14:11:08.820561Z,PRODUCT,Kara,
1.0,Y Combinator,https://www.ycombinator.com/companies/palisade,2026-08-26T14:11:08.821203Z,PRODUCT,Palisade,
1.0,Y Combinator,https://www.ycombinator.com/companies/trope,2026-08-26T14:11:08.822161Z,PRODUCT,Trope,
1.0,Y Combinator,https://www.ycombinator.com/companies/parasma,2026-08-26T14:11:08.823119Z,PRODUCT,Parasma,
1.0,Y Combinator,https://www.ycombinator.com/companies/belvedir,2026-08-26T14:11:08.824051Z,PRODUCT,Belvedir,
1.0,Y Combinator,https://www.ycombinator.com/companies/shielded,2026-08-26T14:11:08.824967Z,PRODUCT,Shielded,
1.0,Y Combinator,https://www.ycombinator.com/companies/olam-labs,2026-08-26T14:11:08.825902Z,PRODUCT,Olam,
1.0,Y Combinator,https://www.ycombinator.com/companies/egoist-machines,2026-08-26T14:11:08.826972Z,PRODUCT,Egoist Machines,
1.0,Y Combinator,https://www.ycombinator.com/companies/mass-magnetics,2026-08-26T14:11:08.828038Z,PRODUCT,Mass Magnetics,
1.0,Y Combinator,https://www.ycombinator.com/companies/perceptron-ml,2026-08-26T14:11:08.829028Z,PRODUCT,Perceptron Ml,
1.0,Y Combinator,https://www.ycombinator.com/companies/erinys,2026-08-26T14:11:08.829923Z,PRODUCT,Erinys,
1.0,Y Combinator,https://www.ycombinator.com/companies/manufacturingintelligence,2026-08-26T14:11:08.830878Z,PRODUCT,Hera,
1.0,Y Combinator,https://www.ycombinator.com/companies/donkey,2026-08-26T14:11:08.831888Z,PRODUCT,Donkey,
1.0,Y Combinator,https://www.ycombinator.com/companies/opentrade,2026-08-26T14:11:08.833064Z,PRODUCT,Opentrade,
1.0,Y Combinator,https://www.ycombinator.com/companies/hoplite,2026-08-26T14:11:08.834196Z,PRODUCT,Hoplite,
1.0,Y Combinator,https://www.ycombinator.com/companies/cleverdeck,2026-08-26T14:11:08.835280Z,PRODUCT,Cleverdeck,
1.0,Y Combinator,https://www.ycombinator.com/companies/pango,2026-08-26T14:11:08.836434Z,PRODUCT,Pango,
1.0,Y Combinator,https://www.ycombinator.com/companies/tash,2026-08-26T14:11:08.837535Z,PRODUCT,Tash,
1.0,Y Combinator,https://www.ycombinator.com/companies/torus,2026-08-26T14:11:08.838469Z,PRODUCT,Torus,
1.0,Y Combinator,https://www.ycombinator.com/companies/kebra,2026-08-26T14:11:08.839396Z,PRODUCT,Kebra,
1.0,Y Combinator,https://www.ycombinator.com/companies/gitcafe,2026-08-26T14:11:08.840343Z,PRODUCT,Gitcafe,
1.0,Y Combinator,https://www.ycombinator.com/companies/rightnow,2026-08-26T14:11:08.841298Z,PRODUCT,Rightnow,
1.0,Y Combinator,https://www.ycombinator.com/companies/edgerun,2026-08-26T14:11:08.842375Z,PRODUCT,Edgerun,
1.0,Y Combinator,https://www.ycombinator.com/companies/akkari,2026-08-26T14:11:08.843419Z,PRODUCT,Akkari,
1.0,Y Combinator,https://www.ycombinator.com/companies/heyclicky,2026-08-26T14:11:08.844347Z,PRODUCT,Heyclicky,
1.0,Y Combinator,https://www.ycombinator.com/companies/rindler,2026-08-26T14:11:08.845440Z,PRODUCT,Rindler,
1.0,Y Combinator,https://www.ycombinator.com/companies/proprio-robotics,2026-08-26T14:11:08.846533Z,PRODUCT,Proprio Robotics,
1.0,Y Combinator,https://www.ycombinator.com/companies/huscarl,2026-08-26T14:11:08.847518Z,PRODUCT,Huscarl,
1.0,Y Combinator,https://www.ycombinator.com/companies/thomas,2026-08-26T14:11:08.848475Z,PRODUCT,Thomas,
1.0,Y Combinator,https://www.ycombinator.com/companies/cohesion,2026-08-26T14:11:08.849438Z,PRODUCT,Cohesion,
1.0,Y Combinator,https://www.ycombinator.com/companies/maquoketa-research,2026-08-26T14:11:08.850469Z,PRODUCT,Maquoketa Research,
1.0,Y Combinator,https://www.ycombinator.com/companies/intelligence-factory,2026-08-26T14:11:08.851502Z,PRODUCT,Intelligence Factory,
1.0,Y Combinator,https://www.ycombinator.com/companies/amorphic-labs,2026-08-26T14:11:08.852521Z,PRODUCT,Amorphic,
1.0,Y Combinator,https://www.ycombinator.com/companies/rekursivai,2026-08-26T14:11:08.853517Z,PRODUCT,Rekursiv,
1.0,Y Combinator,https://www.ycombinator.com/companies/clawvisor,2026-08-26T14:11:08.854441Z,PRODUCT,Clawvisor,
1.0,Y Combinator,https://www.ycombinator.com/companies/framewise-health,2026-08-26T14:11:08.855482Z,PRODUCT,Framewise Health,
1.0,Y Combinator,https://www.ycombinator.com/companies/arctic-health,2026-08-26T14:11:08.856517Z,PRODUCT,Arctic Health,
1.0,Y Combinator,https://www.ycombinator.com/companies/playablai,2026-08-26T14:11:08.857525Z,PRODUCT,Playabl,
1.0,Y Combinator,https://www.ycombinator.com/companies/enjamb-labs,2026-08-26T14:11:08.858626Z,PRODUCT,Enjamb,
1.0,Y Combinator,https://www.ycombinator.com/companies/hyper-4,2026-08-26T14:11:08.859604Z,PRODUCT,Hyper,
1.0,Y Combinator,https://www.ycombinator.com/companies/insforge,2026-08-26T14:11:08.860626Z,PRODUCT,Insforge,
1.0,Y Combinator,https://www.ycombinator.com/companies/reasonblocks,2026-08-26T14:11:08.861667Z,PRODUCT,Reasonblocks,
1.0,Y Combinator,https://www.ycombinator.com/companies/modern,2026-08-26T14:11:08.862411Z,PRODUCT,Modern Fertility,
1.0,Y Combinator,https://www.ycombinator.com/companies/panacea,2026-08-26T14:11:08.863386Z,PRODUCT,Panacea,
1.0,Y Combinator,https://www.ycombinator.com/companies/centralcoms,2026-08-26T14:11:08.864381Z,PRODUCT,Centralcoms,
1.0,Y Combinator,https://www.ycombinator.com/companies/kugelaudio,2026-08-26T14:11:08.865378Z,PRODUCT,Kugelaudio,
1.0,Y Combinator,https://www.ycombinator.com/companies/klaimee,2026-08-26T14:11:08.866401Z,PRODUCT,Klaimee,
1.0,Y Combinator,https://www.ycombinator.com/companies/flowscope,2026-08-26T14:11:08.867403Z,PRODUCT,Flowscope,
1.0,Y Combinator,https://www.ycombinator.com/companies/trident,2026-08-26T14:11:08.868358Z,PRODUCT,Trident,
1.0,Y Combinator,https://www.ycombinator.com/companies/gigacatalyst,2026-08-26T14:11:08.869357Z,PRODUCT,Gigacatalyst,
1.0,Y Combinator,https://www.ycombinator.com/companies/arlo-industries,2026-08-26T14:11:08.870472Z,PRODUCT,Arlo Industries,
1.0,Y Combinator,https://www.ycombinator.com/companies/astraea,2026-08-26T14:11:08.871510Z,PRODUCT,Astraea,
1.0,Y Combinator,https://www.ycombinator.com/companies/lattice-health,2026-08-26T14:11:08.872435Z,PRODUCT,Lattice,
1.0,Y Combinator,https://www.ycombinator.com/companies/atlas-discovery,2026-08-26T14:11:08.873456Z,PRODUCT,Atlas Discovery,
1.0,Y Combinator,https://www.ycombinator.com/companies/manicule,2026-08-26T14:11:08.874433Z,PRODUCT,Manicule,
1.0,Y Combinator,https://www.ycombinator.com/companies/avea-robotics,2026-08-26T14:11:08.875608Z,PRODUCT,Avea Robotics,
1.0,Y Combinator,https://www.ycombinator.com/companies/mochatrade,2026-08-26T14:11:08.876792Z,PRODUCT,Mochatrade,
1.0,Y Combinator,https://www.ycombinator.com/companies/asendia-ai,2026-08-26T14:11:08.877957Z,PRODUCT,Asendia,
1.0,Y Combinator,https://www.ycombinator.com/companies/revnu,2026-08-26T14:11:08.878979Z,PRODUCT,Revnu,
1.0,Y Combinator,https://www.ycombinator.com/companies/uno-wallet,2026-08-26T14:11:08.880088Z,PRODUCT,Uno Wallet,
1.0,Y Combinator,https://www.ycombinator.com/companies/arden,2026-08-26T14:11:08.881157Z,PRODUCT,Arden,
1.0,Y Combinator,https://www.ycombinator.com/companies/agentphone,2026-08-26T14:11:08.882198Z,PRODUCT,Agentphone,
1.0,Y Combinator,https://www.ycombinator.com/companies/gravy,2026-08-26T14:11:08.883295Z,PRODUCT,Gravy,
1.0,Y Combinator,https://www.ycombinator.com/companies/kinect,2026-08-26T14:11:08.884339Z,PRODUCT,Kinect,
1.0,Y Combinator,https://www.ycombinator.com/companies/runtime,2026-08-26T14:11:08.885502Z,PRODUCT,Runtime,
1.0,Y Combinator,https://www.ycombinator.com/companies/youart,2026-08-26T14:11:08.886629Z,PRODUCT,Youart,
1.0,Y Combinator,https://www.ycombinator.com/companies/expanse,2026-08-26T14:11:08.887704Z,PRODUCT,Expanse,
1.0,Y Combinator,https://www.ycombinator.com/companies/characterquilt,2026-08-26T14:11:08.888645Z,PRODUCT,Characterquilt,
1.0,Y Combinator,https://www.ycombinator.com/companies/pentagon,2026-08-26T14:11:08.889634Z,PRODUCT,Pentagon,
1.0,Y Combinator,https://www.ycombinator.com/companies/arzana,2026-08-26T14:11:08.890607Z,PRODUCT,Arzana,
1.0,Y Combinator,https://www.ycombinator.com/companies/auxos,2026-08-26T14:11:08.891577Z,PRODUCT,Auxos,
1.0,Y Combinator,https://www.ycombinator.com/companies/projectx,2026-08-26T14:11:08.892550Z,PRODUCT,Projectx,
1.0,Y Combinator,https://www.ycombinator.com/companies/tolmo,2026-08-26T14:11:08.893602Z,PRODUCT,Tolmo,
1.0,Y Combinator,https://www.ycombinator.com/companies/openwork,2026-08-26T14:11:08.894756Z,PRODUCT,Openwork,
1.0,Y Combinator,https://www.ycombinator.com/companies/apollo-atomics-inc,2026-08-26T14:11:08.895859Z,PRODUCT,Apollo,
1.0,Y Combinator,https://www.ycombinator.com/companies/general-aviation,2026-08-26T14:11:08.896973Z,PRODUCT,General Aviation,
1.0,Y Combinator,https://www.ycombinator.com/companies/openprose,2026-08-26T14:11:08.897970Z,PRODUCT,Openprose,
1.0,Y Combinator,https://www.ycombinator.com/companies/asterlab,2026-08-26T14:11:08.899009Z,PRODUCT,Aster,
1.0,Y Combinator,https://www.ycombinator.com/companies/amboras,2026-08-26T14:11:08.899986Z,PRODUCT,Amboras,
1.0,Y Combinator,https://www.ycombinator.com/companies/hessian,2026-08-26T14:11:08.901024Z,PRODUCT,Hessian,
1.0,Y Combinator,https://www.ycombinator.com/companies/mentlio,2026-08-26T14:11:08.902014Z,PRODUCT,Mentlio,
1.0,Y Combinator,https://www.ycombinator.com/companies/raspire,2026-08-26T14:11:08.903065Z,PRODUCT,Raspire,
1.0,Y Combinator,https://www.ycombinator.com/companies/plena-health,2026-08-26T14:11:08.904264Z,PRODUCT,Plena Health,
1.0,Y Combinator,https://www.ycombinator.com/companies/testerarmy,2026-08-26T14:11:08.905511Z,PRODUCT,Testerarmy,
1.0,Y Combinator,https://www.ycombinator.com/companies/eden-robotics,2026-08-26T14:11:08.906805Z,PRODUCT,Eden Robotics,
1.0,Y Combinator,https://www.ycombinator.com/companies/foaster,2026-08-26T14:11:08.908163Z,PRODUCT,Foaster,
1.0,Y Combinator,https://www.ycombinator.com/companies/aquashield,2026-08-26T14:11:08.909457Z,PRODUCT,Aquashield,
1.0,Y Combinator,https://www.ycombinator.com/companies/ornadyne,2026-08-26T14:11:08.910662Z,PRODUCT,Ornadyne,
1.0,Y Combinator,https://www.ycombinator.com/companies/anoria,2026-08-26T14:11:08.911844Z,PRODUCT,Anoria,
1.0,Y Combinator,https://www.ycombinator.com/companies/abinitio-bio,2026-08-26T14:11:08.913114Z,PRODUCT,Abinitio Bio,
1.0,Y Combinator,https://www.ycombinator.com/companies/memory-store,2026-08-26T14:11:08.914353Z,PRODUCT,Memory Store,
1.0,Y Combinator,https://www.ycombinator.com/companies/saudara-ai,2026-08-26T14:11:08.915468Z,PRODUCT,Saudara,
1.0,Y Combinator,https://www.ycombinator.com/companies/pops,2026-08-26T14:11:08.916534Z,PRODUCT,Pops,
1.0,Y Combinator,https://www.ycombinator.com/companies/silmaril,2026-08-26T14:11:08.917609Z,PRODUCT,Silmaril,
1.0,Y Combinator,https://www.ycombinator.com/companies/biostack-platforms,2026-08-26T14:11:08.918790Z,PRODUCT,Biostack Platforms,
1.0,Y Combinator,https://www.ycombinator.com/companies/ardent,2026-08-26T14:11:08.920349Z,PRODUCT,Arden,
1.0,Y Combinator,https://www.ycombinator.com/companies/kuli,2026-08-26T14:11:08.921371Z,PRODUCT,Kuli,
1.0,Y Combinator,https://www.ycombinator.com/companies/wato,2026-08-26T14:11:08.922358Z,PRODUCT,Wato,
1.0,Y Combinator,https://www.ycombinator.com/companies/tasklet-2,2026-08-26T14:11:08.923435Z,PRODUCT,Tasklet,
1.0,Y Combinator,https://www.ycombinator.com/companies/chronicle-labs,2026-08-26T14:11:08.924546Z,PRODUCT,Chronicle,
1.0,Y Combinator,https://www.ycombinator.com/companies/walter,2026-08-26T14:11:08.925634Z,PRODUCT,Walter,
1.0,Y Combinator,https://www.ycombinator.com/companies/aseon-labs,2026-08-26T14:11:08.926669Z,PRODUCT,Aseon,
1.0,Y Combinator,https://www.ycombinator.com/companies/soria,2026-08-26T14:11:08.927735Z,PRODUCT,Soria,
1.0,Y Combinator,https://www.ycombinator.com/companies/armature,2026-08-26T14:11:08.928848Z,PRODUCT,Armature,
1.0,Y Combinator,https://www.ycombinator.com/companies/collar,2026-08-26T14:11:08.929889Z,PRODUCT,Collar,
1.0,Y Combinator,https://www.ycombinator.com/companies/plan0-ai,2026-08-26T14:11:08.931026Z,PRODUCT,Plan0,
1.0,Y Combinator,https://www.ycombinator.com/companies/zibra-labs,2026-08-26T14:11:08.932024Z,PRODUCT,Zibra,
1.0,Y Combinator,https://www.ycombinator.com/companies/ara,2026-08-26T14:11:08.932995Z,PRODUCT,Ara,
1.0,Y Combinator,https://www.ycombinator.com/companies/valctrl,2026-08-26T14:11:08.934040Z,PRODUCT,Valctrl,
1.0,Y Combinator,https://www.ycombinator.com/companies/general-instinct,2026-08-26T14:11:08.935267Z,PRODUCT,General Instinct,
1.0,Y Combinator,https://www.ycombinator.com/companies/tdaycom,2026-08-26T14:11:08.936581Z,PRODUCT,Tday Com,
1.0,Y Combinator,https://www.ycombinator.com/companies/ed1th,2026-08-26T14:11:08.937700Z,PRODUCT,Ed1Th,
1.0,Y Combinator,https://www.ycombinator.com/companies/minicor,2026-08-26T14:11:08.938788Z,PRODUCT,Minicor,
1.0,Y Combinator,https://www.ycombinator.com/companies/degla-inc,2026-08-26T14:11:08.939904Z,PRODUCT,Degla,
1.0,Y Combinator,https://www.ycombinator.com/companies/archer,2026-08-26T14:11:08.940977Z,PRODUCT,Archer,
1.0,Y Combinator,https://www.ycombinator.com/companies/river-markets,2026-08-26T14:11:08.942136Z,PRODUCT,River Markets,
1.0,Y Combinator,https://www.ycombinator.com/companies/smol-machines,2026-08-26T14:11:08.943221Z,PRODUCT,Smol Machines,
1.0,Y Combinator,https://www.ycombinator.com/companies/allowance,2026-08-26T14:11:08.944211Z,PRODUCT,Allowance,
1.0,Y Combinator,https://www.ycombinator.com/companies/runharbor,2026-08-26T14:11:08.945179Z,PRODUCT,Harbor,
1.0,Y Combinator,https://www.ycombinator.com/companies/alchemize,2026-08-26T14:11:08.946191Z,PRODUCT,Alchemize,
1.0,Y Combinator,https://www.ycombinator.com/companies/complir,2026-08-26T14:11:08.947300Z,PRODUCT,Complir,
1.0,Y Combinator,https://www.ycombinator.com/companies/aice,2026-08-26T14:11:08.948369Z,PRODUCT,Aice,
1.0,Y Combinator,https://www.ycombinator.com/companies/infera,2026-08-26T14:11:08.949504Z,PRODUCT,Infera,
1.0,Y Combinator,https://www.ycombinator.com/companies/mount,2026-08-26T14:11:08.950499Z,PRODUCT,Mount,
1.0,Y Combinator,https://www.ycombinator.com/companies/useparrot,2026-08-26T14:11:08.951526Z,PRODUCT,Parrot,
1.0,Y Combinator,https://www.ycombinator.com/companies/result,2026-08-26T14:11:08.952555Z,PRODUCT,Result,
1.0,Y Combinator,https://www.ycombinator.com/companies/textsidekick,2026-08-26T14:11:08.953619Z,PRODUCT,Sidekick,
1.0,Y Combinator,https://www.ycombinator.com/companies/prototypingio,2026-08-26T14:11:08.954730Z,PRODUCT,Prototyping Io,
1.0,Y Combinator,https://www.ycombinator.com/companies/lumius,2026-08-26T14:11:08.955743Z,PRODUCT,Lumius,
1.0,Y Combinator,https://www.ycombinator.com/companies/adialante,2026-08-26T14:11:08.956743Z,PRODUCT,Adialante,
1.0,Y Combinator,https://www.ycombinator.com/companies/savant,2026-08-26T14:11:08.957743Z,PRODUCT,Savant,
1.0,Y Combinator,https://www.ycombinator.com/companies/keyframe-labs,2026-08-26T14:11:08.958736Z,PRODUCT,Keyframe,
1.0,Y Combinator,https://www.ycombinator.com/companies/voquill,2026-08-26T14:11:08.959794Z,PRODUCT,Voquill,
1.0,Y Combinator,https://www.ycombinator.com/companies/oddpool,2026-08-26T14:11:08.960876Z,PRODUCT,Oddpool,
1.0,Y Combinator,https://www.ycombinator.com/companies/ontora,2026-08-26T14:11:08.961884Z,PRODUCT,Ontora,
1.0,Y Combinator,https://www.ycombinator.com/companies/napkin-math,2026-08-26T14:11:08.963075Z,PRODUCT,Napkin Math,
1.0,Y Combinator,https://www.ycombinator.com/companies/gojiberry-ai,2026-08-26T14:11:08.964102Z,PRODUCT,Gojiberry,
1.0,Y Combinator,https://www.ycombinator.com/companies/wondertx,2026-08-26T14:11:08.965120Z,PRODUCT,Wondertx,
1.0,Y Combinator,https://www.ycombinator.com/companies/lab0,2026-08-26T14:11:08.966157Z,PRODUCT,Lab0,
1.0,Y Combinator,https://www.ycombinator.com/companies/bentolabs-ai,2026-08-26T14:11:08.967167Z,PRODUCT,Bentolabs,
1.0,Y Combinator,https://www.ycombinator.com/companies/lamina-labs,2026-08-26T14:11:08.968312Z,PRODUCT,Lamina,
1.0,Y Combinator,https://www.ycombinator.com/companies/kimpton-ai,2026-08-26T14:11:08.969381Z,PRODUCT,Kimpton,
1.0,Y Combinator,https://www.ycombinator.com/companies/stablebrowse,2026-08-26T14:11:08.970771Z,PRODUCT,Stablebrowse,
1.0,Y Combinator,https://www.ycombinator.com/companies/taiga,2026-08-26T14:11:08.971809Z,PRODUCT,Taiga,
1.0,Y Combinator,https://www.ycombinator.com/companies/pairio,2026-08-26T14:11:08.972918Z,PRODUCT,Pairio,
1.0,Y Combinator,https://www.ycombinator.com/companies/callab-ai,2026-08-26T14:11:08.973957Z,PRODUCT,Callab,
1.0,Y Combinator,https://www.ycombinator.com/companies/synphony,2026-08-26T14:11:08.975003Z,PRODUCT,Synphony,
1.0,Y Combinator,https://www.ycombinator.com/companies/dreach,2026-08-26T14:11:08.976564Z,PRODUCT,Reach,
1.0,Y Combinator,https://www.ycombinator.com/companies/arga-labs,2026-08-26T14:11:08.977584Z,PRODUCT,Arga,
1.0,Y Combinator,https://www.ycombinator.com/companies/andco,2026-08-26T14:11:08.978623Z,PRODUCT,Andco,
1.0,Y Combinator,https://www.ycombinator.com/companies/rentahuman,2026-08-26T14:11:08.979718Z,PRODUCT,Rentahuman,
1.0,Y Combinator,https://www.ycombinator.com/companies/instaagent,2026-08-26T14:11:08.980822Z,PRODUCT,Instaagent,
1.0,Y Combinator,https://www.ycombinator.com/companies/salesgraph,2026-08-26T14:11:08.981953Z,PRODUCT,Salesgraph,
1.0,Y Combinator,https://www.ycombinator.com/companies/sherpa,2026-08-26T14:11:08.983352Z,PRODUCT,Sherpa,
1.0,Y Combinator,https://www.ycombinator.com/companies/userlens,2026-08-26T14:11:08.984533Z,PRODUCT,Userlens,
1.0,Y Combinator,https://www.ycombinator.com/companies/transload,2026-08-26T14:11:08.985769Z,PRODUCT,Transload,
1.0,Y Combinator,https://www.ycombinator.com/companies/standout,2026-08-26T14:11:08.986958Z,PRODUCT,Standout,
1.0,Y Combinator,https://www.ycombinator.com/companies/shotwellai,2026-08-26T14:11:08.988005Z,PRODUCT,Shotwell,
1.0,Y Combinator,https://www.ycombinator.com/companies/madrone,2026-08-26T14:11:08.989104Z,PRODUCT,Madrone,
1.0,Y Combinator,https://www.ycombinator.com/companies/pavoot,2026-08-26T14:11:08.990126Z,PRODUCT,Pavoot,
1.0,Y Combinator,https://www.ycombinator.com/companies/qomplement,2026-08-26T14:11:08.991115Z,PRODUCT,Qomplement,
1.0,Y Combinator,https://www.ycombinator.com/companies/deep-interactions,2026-08-26T14:11:08.992226Z,PRODUCT,Deep Interactions,
1.0,Y Combinator,https://www.ycombinator.com/companies/kelai,2026-08-26T14:11:08.993263Z,PRODUCT,Kelai,
1.0,Y Combinator,https://www.ycombinator.com/companies/hevn-inc,2026-08-26T14:11:08.994289Z,PRODUCT,Hevn,
1.0,Y Combinator,https://www.ycombinator.com/companies/wealor,2026-08-26T14:11:08.995334Z,PRODUCT,Wealor,
1.0,Y Combinator,https://www.ycombinator.com/companies/elyra,2026-08-26T14:11:08.996414Z,PRODUCT,Elyra,
1.0,Y Combinator,https://www.ycombinator.com/companies/interfaze,2026-08-26T14:11:08.997464Z,PRODUCT,Interfaze,
1.0,Y Combinator,https://www.ycombinator.com/companies/zolvo,2026-08-26T14:11:08.998558Z,PRODUCT,Zolvo,
1.0,Y Combinator,https://www.ycombinator.com/companies/juno-chat,2026-08-26T14:11:08.999865Z,PRODUCT,Juno,
1.0,Y Combinator,https://www.ycombinator.com/companies/kinro,2026-08-26T14:11:09.001054Z,PRODUCT,Kinro,
1.0,Y Combinator,https://www.ycombinator.com/companies/govguard,2026-08-26T14:11:09.002307Z,PRODUCT,Govguard,
1.0,Y Combinator,https://www.ycombinator.com/companies/superlog,2026-08-26T14:11:09.003564Z,PRODUCT,Superlog,
1.0,Y Combinator,https://www.ycombinator.com/companies/godhands,2026-08-26T14:11:09.004854Z,PRODUCT,Godhands,
1.0,Y Combinator,https://www.ycombinator.com/companies/limrun,2026-08-26T14:11:09.005959Z,PRODUCT,Limrun,
1.0,Y Combinator,https://www.ycombinator.com/companies/light-anchor,2026-08-26T14:11:09.007184Z,PRODUCT,Light Anchor,
1.0,Y Combinator,https://www.ycombinator.com/companies/hub,2026-08-26T14:11:09.008264Z,PRODUCT,Hub,
1.0,Y Combinator,https://www.ycombinator.com/companies/tenet-industries,2026-08-26T14:11:09.009409Z,PRODUCT,Tenet Industries,
1.0,Y Combinator,https://www.ycombinator.com/companies/atrisa,2026-08-26T14:11:09.010461Z,PRODUCT,Atrisa,
1.0,Y Combinator,https://www.ycombinator.com/companies/trellistech,2026-08-26T14:11:09.011463Z,PRODUCT,Trellis,
1.0,Y Combinator,https://www.ycombinator.com/companies/the-company-company,2026-08-26T14:11:09.012221Z,PRODUCT,The Athletic,
1.0,Y Combinator,https://www.ycombinator.com/companies/dayjob,2026-08-26T14:11:09.013284Z,PRODUCT,Dayjob,
1.0,Y Combinator,https://www.ycombinator.com/companies/inloop-robotics,2026-08-26T14:11:09.014557Z,PRODUCT,Inloop Robotics,
1.0,Y Combinator,https://www.ycombinator.com/companies/zenbu-2,2026-08-26T14:11:09.015693Z,PRODUCT,Zenbu,
1.0,Y Combinator,https://www.ycombinator.com/companies/nine-fives,2026-08-26T14:11:09.016802Z,PRODUCT,Nine Fives,
1.0,Y Combinator,https://www.ycombinator.com/companies/incandor,2026-08-26T14:11:09.017830Z,PRODUCT,Incandor,
1.0,Y Combinator,https://www.ycombinator.com/companies/chert,2026-08-26T14:11:09.018892Z,PRODUCT,Chert,
1.0,Y Combinator,https://www.ycombinator.com/companies/saffron,2026-08-26T14:11:09.020000Z,PRODUCT,Saffron,
1.0,Y Combinator,https://www.ycombinator.com/companies/discovered-materials,2026-08-26T14:11:09.021211Z,PRODUCT,Discovered Materials,
1.0,Y Combinator,https://www.ycombinator.com/companies/lightsprint,2026-08-26T14:11:09.022283Z,PRODUCT,Lightsprint,
1.0,Y Combinator,https://www.ycombinator.com/companies/twolabs,2026-08-26T14:11:09.023312Z,PRODUCT,Twolabs,
1.0,Y Combinator,https://www.ycombinator.com/companies/marker,2026-08-26T14:11:09.024451Z,PRODUCT,Marker,
1.0,Y Combinator,https://www.ycombinator.com/companies/scope,2026-08-26T14:11:09.025568Z,PRODUCT,Scope,
1.0,Y Combinator,https://www.ycombinator.com/companies/hexa,2026-08-26T14:11:09.026686Z,PRODUCT,Hexa,
1.0,Y Combinator,https://www.ycombinator.com/companies/palette-2,2026-08-26T14:11:09.027813Z,PRODUCT,Palette,
1.0,Y Combinator,https://www.ycombinator.com/companies/rudus,2026-08-26T14:11:09.028858Z,PRODUCT,Rudus,
1.0,Y Combinator,https://www.ycombinator.com/companies/replicas,2026-08-26T14:11:09.029924Z,PRODUCT,Replicas,
1.0,Y Combinator,https://www.ycombinator.com/companies/totalis,2026-08-26T14:11:09.031029Z,PRODUCT,Totalis,
1.0,Y Combinator,https://www.ycombinator.com/companies/multiplier,2026-08-26T14:11:09.032112Z,PRODUCT,Multiplier,
1.0,Y Combinator,https://www.ycombinator.com/companies/osmaura,2026-08-26T14:11:09.033105Z,PRODUCT,Osmaura,
1.0,Y Combinator,https://www.ycombinator.com/companies/most-robotic,2026-08-26T14:11:09.034407Z,PRODUCT,Most Robotic,
1.0,Y Combinator,https://www.ycombinator.com/companies/illume-labs,2026-08-26T14:11:09.035617Z,PRODUCT,Illume,
1.0,Y Combinator,https://www.ycombinator.com/companies/memoir,2026-08-26T14:11:09.036920Z,PRODUCT,Memoir,
1.0,Y Combinator,https://www.ycombinator.com/companies/perfectbit-inc,2026-08-26T14:11:09.038185Z,PRODUCT,Perfectbit,
1.0,Y Combinator,https://www.ycombinator.com/companies/stage,2026-08-26T14:11:09.039789Z,PRODUCT,Stage,
1.0,Y Combinator,https://www.ycombinator.com/companies/standard-signal,2026-08-26T14:11:09.041157Z,PRODUCT,Standard Signal,
1.0,Y Combinator,https://www.ycombinator.com/companies/primitive,2026-08-26T14:11:09.042517Z,PRODUCT,Primitive,
1.0,Y Combinator,https://www.ycombinator.com/companies/korso,2026-08-26T14:11:09.043719Z,PRODUCT,Korso,
1.0,Y Combinator,https://www.ycombinator.com/companies/klarify,2026-08-26T14:11:09.044947Z,PRODUCT,Klarify,
1.0,Y Combinator,https://www.ycombinator.com/companies/surtr-defense-systems,2026-08-26T14:11:09.046132Z,PRODUCT,Surtr Defense,
1.0,Y Combinator,https://www.ycombinator.com/companies/hedge,2026-08-26T14:11:09.047264Z,PRODUCT,Hedge,
1.0,Y Combinator,https://www.ycombinator.com/companies/trycardinal-ai,2026-08-26T14:11:09.048476Z,PRODUCT,Cardinal,
1.0,Y Combinator,https://www.ycombinator.com/companies/wideframe,2026-08-26T14:11:09.049606Z,PRODUCT,Wideframe,
1.0,Y Combinator,https://www.ycombinator.com/companies/martini,2026-08-26T14:11:09.050825Z,PRODUCT,Martini,
1.0,Y Combinator,https://www.ycombinator.com/companies/litmus-hiring,2026-08-26T14:11:09.051922Z,PRODUCT,Litmus,
1.0,Y Combinator,https://www.ycombinator.com/companies/condor-energy,2026-08-26T14:11:09.053217Z,PRODUCT,Condor Energy,
1.0,Y Combinator,https://www.ycombinator.com/companies/remix-3,2026-08-26T14:11:09.054404Z,PRODUCT,Remix,
1.0,Y Combinator,https://www.ycombinator.com/companies/openvector,2026-08-26T14:11:09.055635Z,PRODUCT,Openvector,
1.0,Y Combinator,https://www.ycombinator.com/companies/shofo,2026-08-26T14:11:09.056771Z,PRODUCT,Shofo,
1.0,Y Combinator,https://www.ycombinator.com/companies/wayco,2026-08-26T14:11:09.057979Z,PRODUCT,Wayco,
1.0,Y Combinator,https://www.ycombinator.com/companies/applied-electrodynamics-inc,2026-08-26T14:11:09.059238Z,PRODUCT,Applied Electrodynamics,
1.0,Y Combinator,https://www.ycombinator.com/companies/unifold,2026-08-26T14:11:09.060317Z,PRODUCT,Unifold,
1.0,Y Combinator,https://www.ycombinator.com/companies/carrot-labs,2026-08-26T14:11:09.061470Z,PRODUCT,Carrot,
1.0,Y Combinator,https://www.ycombinator.com/companies/dispatch,2026-08-26T14:11:09.062552Z,PRODUCT,Dispatch,
1.0,Y Combinator,https://www.ycombinator.com/companies/trybloom,2026-08-26T14:11:09.064173Z,PRODUCT,Bloomy,
1.0,Y Combinator,https://www.ycombinator.com/companies/aurorin-cad,2026-08-26T14:11:09.065392Z,PRODUCT,Aurorin Cad,
1.0,Y Combinator,https://www.ycombinator.com/companies/fixture,2026-08-26T14:11:09.066495Z,PRODUCT,Fixture,
1.0,Y Combinator,https://www.ycombinator.com/companies/daivin,2026-08-26T14:11:09.067651Z,PRODUCT,Daivin,
1.0,Y Combinator,https://www.ycombinator.com/companies/brumby,2026-08-26T14:11:09.069023Z,PRODUCT,Brumby Formerly Grazemate,
1.0,Y Combinator,https://www.ycombinator.com/companies/origami-robotics,2026-08-26T14:11:09.070162Z,PRODUCT,Origami Robotics,
1.0,Y Combinator,https://www.ycombinator.com/companies/ossus,2026-08-26T14:11:09.071697Z,PRODUCT,Osseus,
1.0,Y Combinator,https://www.ycombinator.com/companies/rubric-ai,2026-08-26T14:11:09.072872Z,PRODUCT,Rubric,
1.0,Y Combinator,https://www.ycombinator.com/companies/regbase,2026-08-26T14:11:09.073953Z,PRODUCT,Regbase,
1.0,Y Combinator,https://www.ycombinator.com/companies/zymbly,2026-08-26T14:11:09.075039Z,PRODUCT,Zymbly,
1.0,Y Combinator,https://www.ycombinator.com/companies/dipole-labs,2026-08-26T14:11:09.076091Z,PRODUCT,Dipole,
1.0,Y Combinator,https://www.ycombinator.com/companies/ritivel,2026-08-26T14:11:09.077256Z,PRODUCT,Ritivel,
1.0,Y Combinator,https://www.ycombinator.com/companies/polymorph,2026-08-26T14:11:09.078401Z,PRODUCT,Polymorph,
1.0,Y Combinator,https://www.ycombinator.com/companies/khotan,2026-08-26T14:11:09.079651Z,PRODUCT,Khotan Formerly Pollinate,
1.0,Y Combinator,https://www.ycombinator.com/companies/spotpay,2026-08-26T14:11:09.080717Z,PRODUCT,Spotpay,
1.0,Y Combinator,https://www.ycombinator.com/companies/poth-labs,2026-08-26T14:11:09.081862Z,PRODUCT,Poth,
1.0,Y Combinator,https://www.ycombinator.com/companies/voygr,2026-08-26T14:11:09.082934Z,PRODUCT,Voygr,
1.0,Y Combinator,https://www.ycombinator.com/companies/mochacare,2026-08-26T14:11:09.083989Z,PRODUCT,Mochacare,
1.0,Y Combinator,https://www.ycombinator.com/companies/cova,2026-08-26T14:11:09.085015Z,PRODUCT,Cova,
1.0,Y Combinator,https://www.ycombinator.com/companies/vela,2026-08-26T14:11:09.086144Z,PRODUCT,Vela,
1.0,Y Combinator,https://www.ycombinator.com/companies/supafax,2026-08-26T14:11:09.087397Z,PRODUCT,Supafax,
1.0,Y Combinator,https://www.ycombinator.com/companies/talking-computers,2026-08-26T14:11:09.088752Z,PRODUCT,Talking Computers,
1.0,Y Combinator,https://www.ycombinator.com/companies/control-seat,2026-08-26T14:11:09.090077Z,PRODUCT,Control Seat,
1.0,Y Combinator,https://www.ycombinator.com/companies/copperlane,2026-08-26T14:11:09.091215Z,PRODUCT,Copperlane,
1.0,Y Combinator,https://www.ycombinator.com/companies/tsenta,2026-08-26T14:11:09.092383Z,PRODUCT,Tsenta,
1.0,Y Combinator,https://www.ycombinator.com/companies/dream,2026-08-26T14:11:09.093485Z,PRODUCT,Dream,
1.0,Y Combinator,https://www.ycombinator.com/companies/atlia,2026-08-26T14:11:09.094569Z,PRODUCT,Atlia,
1.0,Y Combinator,https://www.ycombinator.com/companies/canary,2026-08-26T14:11:09.095703Z,PRODUCT,Canary,
1.0,Y Combinator,https://www.ycombinator.com/companies/grade,2026-08-26T14:11:09.096825Z,PRODUCT,Grade,
1.0,Y Combinator,https://www.ycombinator.com/companies/sila,2026-08-26T14:11:09.098055Z,PRODUCT,Sila,
1.0,Y Combinator,https://www.ycombinator.com/companies/maven,2026-08-26T14:11:09.099169Z,PRODUCT,Maven,
1.0,Y Combinator,https://www.ycombinator.com/companies/moda,2026-08-26T14:11:09.100238Z,PRODUCT,Moda,
1.0,Y Combinator,https://www.ycombinator.com/companies/the-token-company,2026-08-26T14:11:09.101453Z,PRODUCT,The Token,
1.0,Y Combinator,https://www.ycombinator.com/companies/meteoric,2026-08-26T14:11:09.102647Z,PRODUCT,Meteoric,
1.0,Y Combinator,https://www.ycombinator.com/companies/beesafe-ai,2026-08-26T14:11:09.103896Z,PRODUCT,Beesafe,
1.0,Y Combinator,https://www.ycombinator.com/companies/fed10,2026-08-26T14:11:09.105145Z,PRODUCT,Fed10,
1.0,Y Combinator,https://www.ycombinator.com/companies/inth,2026-08-26T14:11:09.106296Z,PRODUCT,Inth,
1.0,Y Combinator,https://www.ycombinator.com/companies/squid,2026-08-26T14:11:09.107468Z,PRODUCT,Squid,
1.0,Y Combinator,https://www.ycombinator.com/companies/turnstone,2026-08-26T14:11:09.108685Z,PRODUCT,Turnstone,
1.0,Y Combinator,https://www.ycombinator.com/companies/foreman,2026-08-26T14:11:09.109856Z,PRODUCT,Foreman,
1.0,Y Combinator,https://www.ycombinator.com/companies/booko,2026-08-26T14:11:09.111016Z,PRODUCT,Booko,
1.0,Y Combinator,https://www.ycombinator.com/companies/corelayer,2026-08-26T14:11:09.112098Z,PRODUCT,Corelayer,
1.0,Y Combinator,https://www.ycombinator.com/companies/general-legal,2026-08-26T14:11:09.113295Z,PRODUCT,General Legal,
1.0,Y Combinator,https://www.ycombinator.com/companies/fort,2026-08-26T14:11:09.114591Z,PRODUCT,Fort,
1.0,Y Combinator,https://www.ycombinator.com/companies/getbalance,2026-08-26T14:11:09.115741Z,PRODUCT,Balance,
1.0,Y Combinator,https://www.ycombinator.com/companies/ekpa,2026-08-26T14:11:09.116817Z,PRODUCT,Ekpa,
1.0,Y Combinator,https://www.ycombinator.com/companies/chasi,2026-08-26T14:11:09.117906Z,PRODUCT,Chasi,
1.0,Y Combinator,https://www.ycombinator.com/companies/remy-ai,2026-08-26T14:11:09.119024Z,PRODUCT,Remy,
1.0,Y Combinator,https://www.ycombinator.com/companies/anchorhead,2026-08-26T14:11:09.120094Z,PRODUCT,Anchorhead,
1.0,Y Combinator,https://www.ycombinator.com/companies/o11,2026-08-26T14:11:09.121249Z,PRODUCT,O11,
1.0,Y Combinator,https://www.ycombinator.com/companies/doomersion,2026-08-26T14:11:09.122370Z,PRODUCT,Doomersion,
1.0,Y Combinator,https://www.ycombinator.com/companies/sequence-markets,2026-08-26T14:11:09.123608Z,PRODUCT,Sequence Markets,
1.0,Y Combinator,https://www.ycombinator.com/companies/libra-robotics,2026-08-26T14:11:09.124769Z,PRODUCT,Libra Robotics,
1.0,Y Combinator,https://www.ycombinator.com/companies/ditto-biosciences,2026-08-26T14:11:09.125978Z,PRODUCT,Ditto Biosciences,
1.0,Y Combinator,https://www.ycombinator.com/companies/servo7,2026-08-26T14:11:09.127251Z,PRODUCT,Servo7,
1.0,Y Combinator,https://www.ycombinator.com/companies/datoric,2026-08-26T14:11:09.128393Z,PRODUCT,Datoric,
1.0,Y Combinator,https://www.ycombinator.com/companies/superset,2026-08-26T14:11:09.129481Z,PRODUCT,Superset,
1.0,Y Combinator,https://www.ycombinator.com/companies/netter,2026-08-26T14:11:09.130688Z,PRODUCT,Netter,
1.0,Y Combinator,https://www.ycombinator.com/companies/voxel-energy,2026-08-26T14:11:09.131929Z,PRODUCT,Voxel Energy,
1.0,Y Combinator,https://www.ycombinator.com/companies/polymath,2026-08-26T14:11:09.133125Z,PRODUCT,Polymath,
1.0,Y Combinator,https://www.ycombinator.com/companies/archal,2026-08-26T14:11:09.134287Z,PRODUCT,Archal,
1.0,Y Combinator,https://www.ycombinator.com/companies/bubble-lab,2026-08-26T14:11:09.135575Z,PRODUCT,Bubble Lab,
1.0,Y Combinator,https://www.ycombinator.com/companies/pocket,2026-08-26T14:11:09.137055Z,PRODUCT,Pocket,
1.0,Y Combinator,https://www.ycombinator.com/companies/byteport,2026-08-26T14:11:09.138433Z,PRODUCT,Byteport,
1.0,Y Combinator,https://www.ycombinator.com/companies/constellation-space,2026-08-26T14:11:09.139915Z,PRODUCT,Constellation Space,
1.0,Y Combinator,https://www.ycombinator.com/companies/sazabi,2026-08-26T14:11:09.141211Z,PRODUCT,Sazabi,
1.0,Y Combinator,https://www.ycombinator.com/companies/axionorbital-space,2026-08-26T14:11:09.142522Z,PRODUCT,Axionorbital Space,
1.0,Y Combinator,https://www.ycombinator.com/companies/oximy,2026-08-26T14:11:09.143785Z,PRODUCT,Oximy,
1.0,Y Combinator,https://www.ycombinator.com/companies/caretta,2026-08-26T14:11:09.144972Z,PRODUCT,Caretta,
1.0,Y Combinator,https://www.ycombinator.com/companies/samora-ai,2026-08-26T14:11:09.146095Z,PRODUCT,Samora,
1.0,Y Combinator,https://www.ycombinator.com/companies/human-archive,2026-08-26T14:11:09.147504Z,PRODUCT,Human Archive,
1.0,Y Combinator,https://www.ycombinator.com/companies/forum,2026-08-26T14:11:09.148689Z,PRODUCT,Forum,
1.0,Y Combinator,https://www.ycombinator.com/companies/sitefire,2026-08-26T14:11:09.149776Z,PRODUCT,Sitefire,
1.0,Y Combinator,https://www.ycombinator.com/companies/robby,2026-08-26T14:11:09.150882Z,PRODUCT,Robby,
1.0,Y Combinator,https://www.ycombinator.com/companies/ressl-ai,2026-08-26T14:11:09.151963Z,PRODUCT,Ressl,
1.0,Y Combinator,https://www.ycombinator.com/companies/emdash,2026-08-26T14:11:09.153186Z,PRODUCT,Emdash,
1.0,Y Combinator,https://www.ycombinator.com/companies/inventoryquant,2026-08-26T14:11:09.154374Z,PRODUCT,Inventoryquant,
1.0,Y Combinator,https://www.ycombinator.com/companies/congruent,2026-08-26T14:11:09.155490Z,PRODUCT,Congruent,
1.0,Y Combinator,https://www.ycombinator.com/companies/usereframe,2026-08-26T14:11:09.156615Z,PRODUCT,Reframe,
1.0,Y Combinator,https://www.ycombinator.com/companies/valence,2026-08-26T14:11:09.157723Z,PRODUCT,Valence,
1.0,Y Combinator,https://www.ycombinator.com/companies/9-mothers-corporation,2026-08-26T14:11:09.158962Z,PRODUCT,9 Mothers,
1.0,Y Combinator,https://www.ycombinator.com/companies/approxima,2026-08-26T14:11:09.160179Z,PRODUCT,Approxima,
1.0,Y Combinator,https://www.ycombinator.com/companies/traverse,2026-08-26T14:11:09.161412Z,PRODUCT,Traverse,
1.0,Y Combinator,https://www.ycombinator.com/companies/revion,2026-08-26T14:11:09.162590Z,PRODUCT,Revion,
1.0,Y Combinator,https://www.ycombinator.com/companies/maywood,2026-08-26T14:11:09.163745Z,PRODUCT,Maywood,
1.0,Y Combinator,https://www.ycombinator.com/companies/fenrock-ai,2026-08-26T14:11:09.164943Z,PRODUCT,Fenrock,
1.0,Y Combinator,https://www.ycombinator.com/companies/end-close,2026-08-26T14:11:09.166219Z,PRODUCT,End Close,
1.0,Y Combinator,https://www.ycombinator.com/companies/chamber,2026-08-26T14:11:09.167371Z,PRODUCT,Chamber,
1.0,Y Combinator,https://www.ycombinator.com/companies/assemble,2026-08-26T14:11:09.168477Z,PRODUCT,Assemble,
1.0,Y Combinator,https://www.ycombinator.com/companies/patientdeskai,2026-08-26T14:11:09.169649Z,PRODUCT,Patientdesk,
1.0,Y Combinator,https://www.ycombinator.com/companies/visibl-semiconductors,2026-08-26T14:11:09.170962Z,PRODUCT,Visibl Semiconductors,
1.0,Y Combinator,https://www.ycombinator.com/companies/synthetic-sciences,2026-08-26T14:11:09.172366Z,PRODUCT,Synthetic Sciences,
1.0,Y Combinator,https://www.ycombinator.com/companies/seeing-systems,2026-08-26T14:11:09.173717Z,PRODUCT,Seeing,
1.0,Y Combinator,https://www.ycombinator.com/companies/jinba,2026-08-26T14:11:09.175041Z,PRODUCT,Jinba,
1.0,Y Combinator,https://www.ycombinator.com/companies/cardboard,2026-08-26T14:11:09.176322Z,PRODUCT,Cardboard,
1.0,Y Combinator,https://www.ycombinator.com/companies/prana-health,2026-08-26T14:11:09.177585Z,PRODUCT,Prana,
1.0,Y Combinator,https://www.ycombinator.com/companies/rhizome-ai,2026-08-26T14:11:09.178856Z,PRODUCT,Rhizome,
1.0,Y Combinator,https://www.ycombinator.com/companies/pax-historia,2026-08-26T14:11:09.180175Z,PRODUCT,Pax Historia,
1.0,Y Combinator,https://www.ycombinator.com/companies/parameter,2026-08-26T14:11:09.181479Z,PRODUCT,Parameter,
1.0,Y Combinator,https://www.ycombinator.com/companies/laurence,2026-08-26T14:11:09.182804Z,PRODUCT,Laurence,
1.0,Y Combinator,https://www.ycombinator.com/companies/terminal-use,2026-08-26T14:11:09.184119Z,PRODUCT,Terminal Use,
1.0,Y Combinator,https://www.ycombinator.com/companies/overshoot,2026-08-26T14:11:09.185355Z,PRODUCT,Overshoot,
1.0,Y Combinator,https://www.ycombinator.com/companies/cajal-technologies,2026-08-26T14:11:09.186672Z,PRODUCT,Cajal,
1.0,Y Combinator,https://www.ycombinator.com/companies/proximitty,2026-08-26T14:11:09.187995Z,PRODUCT,Proximitty,
1.0,Y Combinator,https://www.ycombinator.com/companies/instinct-xyz,2026-08-26T14:11:09.189760Z,PRODUCT,General Instinct,
1.0,Y Combinator,https://www.ycombinator.com/companies/stilta,2026-08-26T14:11:09.190953Z,PRODUCT,Stilta,
1.0,Y Combinator,https://www.ycombinator.com/companies/unisson,2026-08-26T14:11:09.192271Z,PRODUCT,Unisson,
1.0,Y Combinator,https://www.ycombinator.com/companies/brownie,2026-08-26T14:11:09.193469Z,PRODUCT,Incidentfox,
1.0,Y Combinator,https://www.ycombinator.com/companies/compresr,2026-08-26T14:11:09.194695Z,PRODUCT,Compresr,
1.0,Y Combinator,https://www.ycombinator.com/companies/opalite-health,2026-08-26T14:11:09.195975Z,PRODUCT,Opalite Health,
1.0,Y Combinator,https://www.ycombinator.com/companies/confluence-labs,2026-08-26T14:11:09.197189Z,PRODUCT,Confluence,
1.0,Y Combinator,https://www.ycombinator.com/companies/rapidfolio,2026-08-26T14:11:09.198360Z,PRODUCT,Rapidfolio,
1.0,Y Combinator,https://www.ycombinator.com/companies/mango-medical-inc,2026-08-26T14:11:09.199643Z,PRODUCT,Mango Medical,
1.0,Y Combinator,https://www.ycombinator.com/companies/sponge,2026-08-26T14:11:09.200831Z,PRODUCT,Sponge,
1.0,Y Combinator,https://www.ycombinator.com/companies/terranox-ai,2026-08-26T14:11:09.202045Z,PRODUCT,Terranox,
1.0,Y Combinator,https://www.ycombinator.com/companies/drafted,2026-08-26T14:11:09.203326Z,PRODUCT,Drafted,
1.0,Y Combinator,https://www.ycombinator.com/companies/ventura,2026-08-26T14:11:09.204539Z,PRODUCT,Ventura,
1.0,Y Combinator,https://www.ycombinator.com/companies/orthogonal,2026-08-26T14:11:09.205724Z,PRODUCT,Orthogonal,
1.0,Y Combinator,https://www.ycombinator.com/companies/perfectly,2026-08-26T14:11:09.206984Z,PRODUCT,Perfectly,
1.0,Y Combinator,https://www.ycombinator.com/companies/fern-bot,2026-08-26T14:11:09.208247Z,PRODUCT,Fern,
1.0,Y Combinator,https://www.ycombinator.com/companies/sparkles,2026-08-26T14:11:09.209405Z,PRODUCT,Sparkles,
1.0,Y Combinator,https://www.ycombinator.com/companies/eigenpal,2026-08-26T14:11:09.210631Z,PRODUCT,Eigenpal,
1.0,Y Combinator,https://www.ycombinator.com/companies/salus,2026-08-26T14:11:09.211896Z,PRODUCT,Salus,
1.0,Y Combinator,https://www.ycombinator.com/companies/moritz,2026-08-26T14:11:09.213075Z,PRODUCT,Moritz,
1.0,Y Combinator,https://www.ycombinator.com/companies/ramain,2026-08-26T14:11:09.214297Z,PRODUCT,Ramain,
1.0,Y Combinator,https://www.ycombinator.com/companies/milliray,2026-08-26T14:11:09.215461Z,PRODUCT,Milliray,
1.0,Y Combinator,https://www.ycombinator.com/companies/beyond-reach-labs,2026-08-26T14:11:09.216464Z,PRODUCT,Reach,
1.0,Y Combinator,https://www.ycombinator.com/companies/octapulse,2026-08-26T14:11:09.217657Z,PRODUCT,Octapulse,
1.0,Y Combinator,https://www.ycombinator.com/companies/codewisp,2026-08-26T14:11:09.218847Z,PRODUCT,Codewisp,
1.0,Y Combinator,https://www.ycombinator.com/companies/ashr,2026-08-26T14:11:09.220137Z,PRODUCT,Ashr,
1.0,Y Combinator,https://www.ycombinator.com/companies/aemon,2026-08-26T14:11:09.221472Z,PRODUCT,Aemon,
1.0,Y Combinator,https://www.ycombinator.com/companies/luel,2026-08-26T14:11:09.222631Z,PRODUCT,Luel,
1.0,Y Combinator,https://www.ycombinator.com/companies/scheduling-wizard,2026-08-26T14:11:09.223907Z,PRODUCT,Scheduling Wizard,
1.0,Y Combinator,https://www.ycombinator.com/companies/robodock,2026-08-26T14:11:09.225102Z,PRODUCT,Robodock,
1.0,Y Combinator,https://www.ycombinator.com/companies/skillsync,2026-08-26T14:11:09.226468Z,PRODUCT,Skillsync,
1.0,Y Combinator,https://www.ycombinator.com/companies/mousecat,2026-08-26T14:11:09.227646Z,PRODUCT,Mousecat,
1.0,Y Combinator,https://www.ycombinator.com/companies/zatanna,2026-08-26T14:11:09.228790Z,PRODUCT,Zatanna,
1.0,Y Combinator,https://www.ycombinator.com/companies/autositu,2026-08-26T14:11:09.229995Z,PRODUCT,Autositu,
1.0,Y Combinator,https://www.ycombinator.com/companies/verdex,2026-08-26T14:11:09.231328Z,PRODUCT,Verdex,
1.0,Y Combinator,https://www.ycombinator.com/companies/cumulus-labs,2026-08-26T14:11:09.232553Z,PRODUCT,Cumulus,
1.0,Y Combinator,https://www.ycombinator.com/companies/tepali,2026-08-26T14:11:09.233716Z,PRODUCT,Tepali,
1.0,Y Combinator,https://www.ycombinator.com/companies/palus-finance,2026-08-26T14:11:09.234998Z,PRODUCT,Palus Finance,
1.0,Y Combinator,https://www.ycombinator.com/companies/21st,2026-08-26T14:11:09.236166Z,PRODUCT,21St,
1.0,Y Combinator,https://www.ycombinator.com/companies/avoice,2026-08-26T14:11:09.237426Z,PRODUCT,Avoice,
1.0,Y Combinator,https://www.ycombinator.com/companies/zerosettle,2026-08-26T14:11:09.238841Z,PRODUCT,Zerosettle,
1.0,Y Combinator,https://www.ycombinator.com/companies/devfast,2026-08-26T14:11:09.240204Z,PRODUCT,Dev Fast,
1.0,Y Combinator,https://www.ycombinator.com/companies/cignara,2026-08-26T14:11:09.241377Z,PRODUCT,Cignara,
1.0,Y Combinator,https://www.ycombinator.com/companies/openspec,2026-08-26T14:11:09.242608Z,PRODUCT,Openspec,
1.0,Y Combinator,https://www.ycombinator.com/companies/pirislabs,2026-08-26T14:11:09.243888Z,PRODUCT,Piris,
1.0,Y Combinator,https://www.ycombinator.com/companies/celltype,2026-08-26T14:11:09.245148Z,PRODUCT,Celltype,
1.0,Y Combinator,https://www.ycombinator.com/companies/burt,2026-08-26T14:11:09.246302Z,PRODUCT,Burt,
1.0,Y Combinator,https://www.ycombinator.com/companies/envariant,2026-08-26T14:11:09.247532Z,PRODUCT,Envariant,
1.0,Y Combinator,https://www.ycombinator.com/companies/cascade,2026-08-26T14:11:09.248734Z,PRODUCT,Cascade,
1.0,Y Combinator,https://www.ycombinator.com/companies/beacon-health,2026-08-26T14:11:09.250031Z,PRODUCT,Beacon Health,
1.0,Y Combinator,https://www.ycombinator.com/companies/strand-ai,2026-08-26T14:11:09.251213Z,PRODUCT,Strand,
1.0,Y Combinator,https://www.ycombinator.com/companies/baseframe,2026-08-26T14:11:09.252685Z,PRODUCT,Baseframe,
1.0,Y Combinator,https://www.ycombinator.com/companies/protent,2026-08-26T14:11:09.253845Z,PRODUCT,Protent,
1.0,Y Combinator,https://www.ycombinator.com/companies/cofia,2026-08-26T14:11:09.255015Z,PRODUCT,Cofia,
1.0,Y Combinator,https://www.ycombinator.com/companies/fuchsia,2026-08-26T14:11:09.256136Z,PRODUCT,Fuchsia,
1.0,Y Combinator,https://www.ycombinator.com/companies/legalos,2026-08-26T14:11:09.257337Z,PRODUCT,Legalos,
1.0,Y Combinator,https://www.ycombinator.com/companies/sentrial,2026-08-26T14:11:09.258629Z,PRODUCT,Sentrial,
1.0,Y Combinator,https://www.ycombinator.com/companies/10x-science,2026-08-26T14:11:09.259901Z,PRODUCT,10X Science,
1.0,Y Combinator,https://www.ycombinator.com/companies/rev1,2026-08-26T14:11:09.261056Z,PRODUCT,Rev1,
1.0,Y Combinator,https://www.ycombinator.com/companies/shortkit,2026-08-26T14:11:09.262222Z,PRODUCT,Shortkit,
1.0,Y Combinator,https://www.ycombinator.com/companies/asimov,2026-08-26T14:11:09.263380Z,PRODUCT,Asimov,
1.0,Y Combinator,https://www.ycombinator.com/companies/lexius,2026-08-26T14:11:09.264635Z,PRODUCT,Lexius,
1.0,Y Combinator,https://www.ycombinator.com/companies/axis-2,2026-08-26T14:11:09.266043Z,PRODUCT,Axis,
1.0,Y Combinator,https://www.ycombinator.com/companies/mirabelle,2026-08-26T14:11:09.267403Z,PRODUCT,Mirabelle,
1.0,Y Combinator,https://www.ycombinator.com/companies/docura-health,2026-08-26T14:11:09.268697Z,PRODUCT,Docura Health,
1.0,Y Combinator,https://www.ycombinator.com/companies/lance,2026-08-26T14:11:09.269923Z,PRODUCT,Lance,
1.0,Y Combinator,https://www.ycombinator.com/companies/runanywhere,2026-08-26T14:11:09.271090Z,PRODUCT,Runanywhere,
1.0,Y Combinator,https://www.ycombinator.com/companies/lucent,2026-08-26T14:11:09.272745Z,PRODUCT,Lucent,
1.0,Y Combinator,https://www.ycombinator.com/companies/prescience-inc,2026-08-26T14:11:09.273991Z,PRODUCT,Prescience,
1.0,Y Combinator,https://www.ycombinator.com/companies/ruma-care,2026-08-26T14:11:09.275481Z,PRODUCT,Ruma Care,
1.0,Y Combinator,https://www.ycombinator.com/companies/klaus-ai,2026-08-26T14:11:09.276684Z,PRODUCT,Klaus,
1.0,Y Combinator,https://www.ycombinator.com/companies/kita,2026-08-26T14:11:09.277839Z,PRODUCT,Kita,
1.0,Y Combinator,https://www.ycombinator.com/companies/syntropy,2026-08-26T14:11:09.279261Z,PRODUCT,Syntropy,
1.0,Y Combinator,https://www.ycombinator.com/companies/one-robot,2026-08-26T14:11:09.280761Z,PRODUCT,One Robot,
1.0,Y Combinator,https://www.ycombinator.com/companies/didit,2026-08-26T14:11:09.282187Z,PRODUCT,Didit,
1.0,Y Combinator,https://www.ycombinator.com/companies/panta,2026-08-26T14:11:09.283484Z,PRODUCT,Panta,
1.0,Y Combinator,https://www.ycombinator.com/companies/imperfect,2026-08-26T14:11:09.284724Z,PRODUCT,Imperfect,
1.0,Y Combinator,https://www.ycombinator.com/companies/onetriangle,2026-08-26T14:11:09.286064Z,PRODUCT,Onetriangle,
1.0,Y Combinator,https://www.ycombinator.com/companies/payna,2026-08-26T14:11:09.287264Z,PRODUCT,Payna,
1.0,Y Combinator,https://www.ycombinator.com/companies/origin-bio,2026-08-26T14:11:09.288569Z,PRODUCT,Origin,
1.0,Y Combinator,https://www.ycombinator.com/companies/clara-2,2026-08-26T14:11:09.289859Z,PRODUCT,Clara,
1.0,Y Combinator,https://www.ycombinator.com/companies/hlabs,2026-08-26T14:11:09.291146Z,PRODUCT,Hlabs,
1.0,Y Combinator,https://www.ycombinator.com/companies/eos-ai,2026-08-26T14:11:09.292412Z,PRODUCT,Eos,
1.0,Y Combinator,https://www.ycombinator.com/companies/valgo,2026-08-26T14:11:09.293583Z,PRODUCT,Valgo,
1.0,Y Combinator,https://www.ycombinator.com/companies/arc-prize-foundation,2026-08-26T14:11:09.294983Z,PRODUCT,Arc Prize Foundation,
1.0,Y Combinator,https://www.ycombinator.com/companies/corvera,2026-08-26T14:11:09.296846Z,PRODUCT,Covera,
1.0,Y Combinator,https://www.ycombinator.com/companies/fullseam,2026-08-26T14:11:09.298111Z,PRODUCT,Fullseam,
1.0,Y Combinator,https://www.ycombinator.com/companies/waddle-labs,2026-08-26T14:11:09.299326Z,PRODUCT,Waddle,
1.0,Y Combinator,https://www.ycombinator.com/companies/linzumi,2026-08-26T14:11:09.300548Z,PRODUCT,Linzumi,
1.0,Y Combinator,https://www.ycombinator.com/companies/advanced-metal-research,2026-08-26T14:11:09.302012Z,PRODUCT,Advanced Metal Research,
1.0,Y Combinator,https://www.ycombinator.com/companies/ploy,2026-08-26T14:11:09.303313Z,PRODUCT,Ploy,
1.0,Y Combinator,https://www.ycombinator.com/companies/catchback-cards,2026-08-26T14:11:09.304692Z,PRODUCT,Catchback Cards,
1.0,Y Combinator,https://www.ycombinator.com/companies/mantis,2026-08-26T14:11:09.305895Z,PRODUCT,Mantis,
1.0,Y Combinator,https://www.ycombinator.com/companies/haladir,2026-08-26T14:11:09.307070Z,PRODUCT,Haladir,
1.0,Y Combinator,https://www.ycombinator.com/companies/claimglide,2026-08-26T14:11:09.308306Z,PRODUCT,Claimglide,
1.0,Y Combinator,https://www.ycombinator.com/companies/inviscid-ai,2026-08-26T14:11:09.309502Z,PRODUCT,Inviscid,
1.0,Y Combinator,https://www.ycombinator.com/companies/coasts,2026-08-26T14:11:09.310762Z,PRODUCT,Coasts,
1.0,Y Combinator,https://www.ycombinator.com/companies/zephyr-fusion,2026-08-26T14:11:09.312211Z,PRODUCT,Zephyr Fusion,
1.0,Y Combinator,https://www.ycombinator.com/companies/mayflower,2026-08-26T14:11:09.313428Z,PRODUCT,Mayflower,
1.0,Y Combinator,https://www.ycombinator.com/companies/ndea-com,2026-08-26T14:11:09.314687Z,PRODUCT,Ndea,
1.0,Y Combinator,https://www.ycombinator.com/companies/item,2026-08-26T14:11:09.316011Z,PRODUCT,Item,
1.0,Y Combinator,https://www.ycombinator.com/companies/crosslayer-labs,2026-08-26T14:11:09.317353Z,PRODUCT,Crosslayer,
1.0,Y Combinator,https://www.ycombinator.com/companies/rivet-design,2026-08-26T14:11:09.318837Z,PRODUCT,Rivet,
1.0,Y Combinator,https://www.ycombinator.com/companies/openroll,2026-08-26T14:11:09.320201Z,PRODUCT,Openroll,
1.0,Y Combinator,https://www.ycombinator.com/companies/amika,2026-08-26T14:11:09.321647Z,PRODUCT,Amika,
1.0,Y Combinator,https://www.ycombinator.com/companies/specific-labs,2026-08-26T14:11:09.323040Z,PRODUCT,Specific,
1.0,Y Combinator,https://www.ycombinator.com/companies/moss,2026-08-26T14:11:09.324434Z,PRODUCT,Moss,
1.0,Y Combinator,https://www.ycombinator.com/companies/zarna,2026-08-26T14:11:09.325868Z,PRODUCT,Zarna,
1.0,Y Combinator,https://www.ycombinator.com/companies/markit,2026-08-26T14:11:09.327361Z,PRODUCT,Markit,
1.0,Y Combinator,https://www.ycombinator.com/companies/voltair,2026-08-26T14:11:09.328665Z,PRODUCT,Voltair,
1.0,Y Combinator,https://www.ycombinator.com/companies/clicks-health,2026-08-26T14:11:09.330109Z,PRODUCT,Clicks Health,
1.0,Y Combinator,https://www.ycombinator.com/companies/fastshot,2026-08-26T14:11:09.331391Z,PRODUCT,Fastshot,
1.0,Y Combinator,https://www.ycombinator.com/companies/vector-legal,2026-08-26T14:11:09.332789Z,PRODUCT,Vector Legal,
1.0,Y Combinator,https://www.ycombinator.com/companies/shoptiques,2026-08-26T14:11:09.334031Z,PRODUCT,Shoptiques,
1.0,Y Combinator,https://www.ycombinator.com/companies/antigen,2026-08-26T14:11:09.335331Z,PRODUCT,Antigen,
1.0,Y Combinator,https://www.ycombinator.com/companies/lunabill,2026-08-26T14:11:09.336742Z,PRODUCT,Lunabill,
1.0,Y Combinator,https://www.ycombinator.com/companies/axial,2026-08-26T14:11:09.338116Z,PRODUCT,Axial,
1.0,Y Combinator,https://www.ycombinator.com/companies/velvet,2026-08-26T14:11:09.339416Z,PRODUCT,Velvet,
1.0,Y Combinator,https://www.ycombinator.com/companies/diligencesquared-inc,2026-08-26T14:11:09.340763Z,PRODUCT,Diligencesquared,
1.0,Y Combinator,https://www.ycombinator.com/companies/amera,2026-08-26T14:11:09.342074Z,PRODUCT,Amera,
1.0,Y Combinator,https://www.ycombinator.com/companies/forge-robotics,2026-08-26T14:11:09.343466Z,PRODUCT,Forge Robotics,
1.0,Y Combinator,https://www.ycombinator.com/companies/bluma,2026-08-26T14:11:09.344683Z,PRODUCT,Bluma,
1.0,Y Combinator,https://www.ycombinator.com/companies/lightberry,2026-08-26T14:11:09.345894Z,PRODUCT,Lightberry,
1.0,Y Combinator,https://www.ycombinator.com/companies/the-hog,2026-08-26T14:11:09.347306Z,PRODUCT,The Hog,
1.0,Y Combinator,https://www.ycombinator.com/companies/layers,2026-08-26T14:11:09.348522Z,PRODUCT,Layers,
1.0,Y Combinator,https://www.ycombinator.com/companies/boom-ai,2026-08-26T14:11:09.349787Z,PRODUCT,Boom,
1.0,Y Combinator,https://www.ycombinator.com/companies/freeport-markets,2026-08-26T14:11:09.351094Z,PRODUCT,Freeport Markets,
1.0,Y Combinator,https://www.ycombinator.com/companies/miniswap,2026-08-26T14:11:09.352408Z,PRODUCT,Miniswap,
1.0,Y Combinator,https://www.ycombinator.com/companies/rovi-health,2026-08-26T14:11:09.353811Z,PRODUCT,Rovi Health,
1.0,Y Combinator,https://www.ycombinator.com/companies/madethis,2026-08-26T14:11:09.355063Z,PRODUCT,Madethis,
1.0,Y Combinator,https://www.ycombinator.com/companies/generalastro,2026-08-26T14:11:09.356345Z,PRODUCT,General Astronautics,
1.0,Y Combinator,https://www.ycombinator.com/companies/jarmin,2026-08-26T14:11:09.357561Z,PRODUCT,Jarmin,
1.0,Y Combinator,https://www.ycombinator.com/companies/exonic,2026-08-26T14:11:09.359001Z,PRODUCT,Exonic,
1.0,Y Combinator,https://www.ycombinator.com/companies/uselemma,2026-08-26T14:11:09.360265Z,PRODUCT,Lemma,
1.0,Y Combinator,https://www.ycombinator.com/companies/perseus,2026-08-26T14:11:09.361498Z,PRODUCT,Perseus,
1.0,Y Combinator,https://www.ycombinator.com/companies/karumi,2026-08-26T14:11:09.362829Z,PRODUCT,Karumi,
1.0,Y Combinator,https://www.ycombinator.com/companies/icarus,2026-08-26T14:11:09.364208Z,PRODUCT,Icarus,
1.0,Y Combinator,https://www.ycombinator.com/companies/savahq,2026-08-26T14:11:09.365567Z,PRODUCT,Sava,
1.0,Y Combinator,https://www.ycombinator.com/companies/takecareos,2026-08-26T14:11:09.366787Z,PRODUCT,Takecareos,
1.0,Y Combinator,https://www.ycombinator.com/companies/denki,2026-08-26T14:11:09.367995Z,PRODUCT,Denki,
1.0,Y Combinator,https://www.ycombinator.com/companies/metorial,2026-08-26T14:11:09.369304Z,PRODUCT,Metorial,
1.0,Y Combinator,https://www.ycombinator.com/companies/kalpa-labs,2026-08-26T14:11:09.370579Z,PRODUCT,Kalpa,
1.0,Y Combinator,https://www.ycombinator.com/companies/absurd,2026-08-26T14:11:09.371800Z,PRODUCT,Absurd,
1.0,Y Combinator,https://www.ycombinator.com/companies/clad-labs,2026-08-26T14:11:09.373036Z,PRODUCT,Clad,
1.0,Y Combinator,https://www.ycombinator.com/companies/automax-ai,2026-08-26T14:11:09.374289Z,PRODUCT,Automax,
1.0,Y Combinator,https://www.ycombinator.com/companies/specific,2026-08-26T14:11:09.375113Z,PRODUCT,Specific,
1.0,Y Combinator,https://www.ycombinator.com/companies/relaw,2026-08-26T14:11:09.376485Z,PRODUCT,Relaw,
1.0,Y Combinator,https://www.ycombinator.com/companies/usenarrative,2026-08-26T14:11:09.377723Z,PRODUCT,Narrative,
1.0,Y Combinator,https://www.ycombinator.com/companies/crunched,2026-08-26T14:11:09.378977Z,PRODUCT,Crunched,
1.0,Y Combinator,https://www.ycombinator.com/companies/lua-global-inc,2026-08-26T14:11:09.380354Z,PRODUCT,Lua Global,
1.0,Y Combinator,https://www.ycombinator.com/companies/philon,2026-08-26T14:11:09.381629Z,PRODUCT,Philon,
1.0,Y Combinator,https://www.ycombinator.com/companies/sourcebot,2026-08-26T14:11:09.382905Z,PRODUCT,Sourcebot,
1.0,Y Combinator,https://www.ycombinator.com/companies/zalos,2026-08-26T14:11:09.384137Z,PRODUCT,Zalos,
1.0,Y Combinator,https://www.ycombinator.com/companies/tryprism,2026-08-26T14:11:09.385371Z,PRODUCT,Prism,
1.0,Y Combinator,https://www.ycombinator.com/companies/aside,2026-08-26T14:11:09.386588Z,PRODUCT,Aside,
1.0,Y Combinator,https://www.ycombinator.com/companies/scott-ai,2026-08-26T14:11:09.387965Z,PRODUCT,Scott,
1.0,Y Combinator,https://www.ycombinator.com/companies/everest,2026-08-26T14:11:09.389436Z,PRODUCT,Everest,
1.0,Y Combinator,https://www.ycombinator.com/companies/expected-parrot,2026-08-26T14:11:09.391197Z,PRODUCT,Parrot,
1.0,Y Combinator,https://www.ycombinator.com/companies/imagine-ai,2026-08-26T14:11:09.392518Z,PRODUCT,Imagine,
1.0,Y Combinator,https://www.ycombinator.com/companies/anto-biosciences,2026-08-26T14:11:09.393925Z,PRODUCT,Anto Biosciences,
1.0,Y Combinator,https://www.ycombinator.com/companies/patent-watch,2026-08-26T14:11:09.395308Z,PRODUCT,Patent Watch,
1.0,Y Combinator,https://www.ycombinator.com/companies/s2-dev,2026-08-26T14:11:09.396613Z,PRODUCT,S2 Dev,
1.0,Y Combinator,https://www.ycombinator.com/companies/tornyol,2026-08-26T14:11:09.397891Z,PRODUCT,Tornyol,
1.0,Y Combinator,https://www.ycombinator.com/companies/nucleo,2026-08-26T14:11:09.399217Z,PRODUCT,Nucleo,
1.0,Y Combinator,https://www.ycombinator.com/companies/leadbay,2026-08-26T14:11:09.400541Z,PRODUCT,Leadbay,
1.0,Y Combinator,https://www.ycombinator.com/companies/pixley-ai,2026-08-26T14:11:09.401876Z,PRODUCT,Pixley,
1.0,Y Combinator,https://www.ycombinator.com/companies/cortex-ai,2026-08-26T14:11:09.403249Z,PRODUCT,Cortex,
1.0,Y Combinator,https://www.ycombinator.com/companies/radiusbrowser,2026-08-26T14:11:09.404698Z,PRODUCT,Radius,
1.0,Y Combinator,https://www.ycombinator.com/companies/thesis,2026-08-26T14:11:09.406025Z,PRODUCT,Thesis,
1.0,Y Combinator,https://www.ycombinator.com/companies/oxus,2026-08-26T14:11:09.407250Z,PRODUCT,Oxus,
1.0,Y Combinator,https://www.ycombinator.com/companies/play-health,2026-08-26T14:11:09.408587Z,PRODUCT,Play Health,
1.0,Y Combinator,https://www.ycombinator.com/companies/casey,2026-08-26T14:11:09.409808Z,PRODUCT,Casey,
1.0,Y Combinator,https://www.ycombinator.com/companies/selfin,2026-08-26T14:11:09.411127Z,PRODUCT,Selfin,
1.0,Y Combinator,https://www.ycombinator.com/companies/compyle,2026-08-26T14:11:09.412525Z,PRODUCT,Compyle,
1.0,Y Combinator,https://www.ycombinator.com/companies/lexi,2026-08-26T14:11:09.413810Z,PRODUCT,Lexi,
1.0,Y Combinator,https://www.ycombinator.com/companies/codyco,2026-08-26T14:11:09.415054Z,PRODUCT,Codyco,
1.0,Y Combinator,https://www.ycombinator.com/companies/complydo,2026-08-26T14:11:09.416330Z,PRODUCT,Complydo,
1.0,Y Combinator,https://www.ycombinator.com/companies/bravi,2026-08-26T14:11:09.417579Z,PRODUCT,Bravi,
1.0,Y Combinator,https://www.ycombinator.com/companies/finaldose,2026-08-26T14:11:09.418834Z,PRODUCT,Finaldose,
1.0,Y Combinator,https://www.ycombinator.com/companies/sunflower,2026-08-26T14:11:09.420126Z,PRODUCT,Sunflower,
1.0,Y Combinator,https://www.ycombinator.com/companies/captain,2026-08-26T14:11:09.421420Z,PRODUCT,Captain,
1.0,Y Combinator,https://www.ycombinator.com/companies/redapto,2026-08-26T14:11:09.422671Z,PRODUCT,Redapto,
1.0,Y Combinator,https://www.ycombinator.com/companies/helonic,2026-08-26T14:11:09.423884Z,PRODUCT,Helonic,
1.0,Y Combinator,https://www.ycombinator.com/companies/aleph-lab,2026-08-26T14:11:09.425269Z,PRODUCT,Aleph Lab,
1.0,Y Combinator,https://www.ycombinator.com/companies/logical,2026-08-26T14:11:09.426607Z,PRODUCT,Logical,
